symbol,timestamp,open,high,low,close,volume,trade_count,vwap
AMD,2022-01-03 05:00:00+00:00,145.135,151.65,145.02,150.24,60725631.0,437666.0,149.584725
AMD,2022-01-04 05:00:00+00:00,151.01,152.42,140.7,144.42,81922026.0,638045.0,144.338478
AMD,2022-01-05 05:00:00+00:00,142.815,143.76,135.29,136.15,65605339.0,522109.0,139.343619
AMD,2022-01-06 05:00:00+00:00,136.19,138.0,131.77,136.23,66295127.0,502306.0,135.47196
AMD,2022-01-07 05:00:00+00:00,136.28,137.44,131.13,132.0,60639096.0,422420.0,133.38375
AMD,2022-01-10 05:00:00+00:00,129.08,132.42,125.03,132.0,86749545.0,675695.0,128.554232
AMD,2022-01-11 05:00:00+00:00,133.45,138.99,131.59,137.31,78602672.0,499286.0,136.152084
AMD,2022-01-12 05:00:00+00:00,138.585,140.57,135.77,137.47,70984662.0,458695.0,138.015066
AMD,2022-01-13 05:00:00+00:00,139.44,141.25,131.81,132.74,78775858.0,535484.0,135.638199
AMD,2022-01-14 05:00:00+00:00,131.68,137.0,131.43,136.88,72433325.0,466363.0,135.080339
AMD,2022-01-18 05:00:00+00:00,134.5,136.3893,131.59,131.93,58419437.0,426781.0,133.700959
AMD,2022-01-19 05:00:00+00:00,133.55,134.57,128.02,128.27,71085719.0,502525.0,130.726309
AMD,2022-01-20 05:00:00+00:00,126.14,128.51,121.41,121.89,92598869.0,698060.0,125.88696
AMD,2022-01-21 05:00:00+00:00,120.14,125.02,118.39,118.81,98079601.0,764658.0,121.373533
AMD,2022-01-24 05:00:00+00:00,115.4,116.77,107.5,116.53,118725980.0,888740.0,112.321605
AMD,2022-01-25 05:00:00+00:00,114.06,114.82,109.86,111.13,87143556.0,602423.0,112.04078
AMD,2022-01-26 05:00:00+00:00,114.55,117.16,108.63,110.71,97012515.0,672063.0,113.102003
AMD,2022-01-27 05:00:00+00:00,111.96,112.75,101.94,102.6,127914253.0,1018138.0,105.898446
AMD,2022-01-28 05:00:00+00:00,101.55,105.4,99.35,105.24,100267115.0,767602.0,102.680688
AMD,2022-01-31 05:00:00+00:00,107.93,114.31,106.9,114.25,99581517.0,683690.0,111.494894
AMD,2022-02-01 05:00:00+00:00,116.75,117.26,112.73,116.78,123954648.0,925903.0,114.940057
AMD,2022-02-02 05:00:00+00:00,129.89,130.06,120.64,122.76,182182704.0,1254561.0,123.955272
AMD,2022-02-03 05:00:00+00:00,120.32,125.37,118.816,120.08,105944888.0,716094.0,122.137866
AMD,2022-02-04 05:00:00+00:00,120.34,124.96,118.58,123.6,87663600.0,602931.0,122.329268
AMD,2022-02-07 05:00:00+00:00,123.56,127.63,122.785,123.67,83239449.0,525099.0,125.429708
AMD,2022-02-08 05:00:00+00:00,122.38,128.705,122.05,128.23,86679844.0,566130.0,126.015733
AMD,2022-02-09 05:00:00+00:00,129.6,132.96,127.65,132.85,95108746.0,618885.0,130.80738
AMD,2022-02-10 05:00:00+00:00,128.84,131.7589,124.61,125.77,111493200.0,797729.0,128.858053
AMD,2022-02-11 05:00:00+00:00,126.14,127.1699,111.81,113.18,171065201.0,1205666.0,117.36093
AMD,2022-02-14 05:00:00+00:00,115.51,118.37,113.46,114.27,135148410.0,880607.0,116.144127
AMD,2022-02-15 05:00:00+00:00,117.19,121.88,114.36,121.47,147227687.0,812310.0,118.458032
AMD,2022-02-16 05:00:00+00:00,119.05,119.54,114.22,117.69,121190713.0,701942.0,116.874266
AMD,2022-02-17 05:00:00+00:00,116.26,116.98,112.26,112.37,100919052.0,595583.0,114.558406
AMD,2022-02-18 05:00:00+00:00,113.9,115.635,109.89,113.83,117133020.0,731036.0,112.78275
AMD,2022-02-22 05:00:00+00:00,115.27,119.2,113.61,115.65,144573031.0,897810.0,116.275412
AMD,2022-02-23 05:00:00+00:00,117.4,118.65,109.04,109.765,122796849.0,762485.0,113.219432
AMD,2022-02-24 05:00:00+00:00,104.56,116.96,104.26,116.51,147061957.0,960189.0,111.341576
AMD,2022-02-25 05:00:00+00:00,117.16,121.23,116.0421,121.06,130396581.0,800838.0,119.400296
AMD,2022-02-28 05:00:00+00:00,120.31,124.61,119.2,123.34,128656000.0,716023.0,122.26645
AMD,2022-03-01 05:00:00+00:00,122.33,122.43,112.8,113.83,130093074.0,844844.0,116.759841
AMD,2022-03-02 05:00:00+00:00,115.47,119.48,113.31,118.28,121786809.0,706891.0,116.805896
AMD,2022-03-03 05:00:00+00:00,118.13,118.26,111.05,111.98,128423884.0,763905.0,113.566315
AMD,2022-03-04 05:00:00+00:00,112.0,113.0,106.81,108.41,102924325.0,673630.0,109.078858
AMD,2022-03-07 05:00:00+00:00,108.53,109.53,102.82,102.95,96663649.0,659642.0,105.43777
AMD,2022-03-08 05:00:00+00:00,102.81,109.9,100.08,105.53,138437541.0,845845.0,105.190983
AMD,2022-03-09 05:00:00+00:00,108.41,111.71,106.85,111.05,106100055.0,602682.0,109.699371
AMD,2022-03-10 05:00:00+00:00,108.89,109.07,103.07,106.46,104379648.0,639390.0,105.319138
AMD,2022-03-11 05:00:00+00:00,108.13,108.19,104.08,104.29,90175491.0,541578.0,105.932389
AMD,2022-03-14 04:00:00+00:00,102.99,105.2397,101.04,102.25,92732557.0,559921.0,102.958162
AMD,2022-03-15 04:00:00+00:00,102.66,109.69,101.79,109.33,115624712.0,637590.0,107.286101
AMD,2022-03-16 04:00:00+00:00,111.6,115.42,109.89,115.37,116807786.0,685638.0,113.454566
AMD,2022-03-17 04:00:00+00:00,112.14,114.27,109.71,111.69,105367489.0,685167.0,111.385225
AMD,2022-03-18 04:00:00+00:00,111.28,114.93,110.55,113.46,114725445.0,615003.0,113.231284
AMD,2022-03-21 04:00:00+00:00,113.73,117.57,112.54,115.92,103685610.0,650344.0,114.892864
AMD,2022-03-22 04:00:00+00:00,115.43,117.95,113.81,114.78,103906165.0,590664.0,115.475766
AMD,2022-03-23 04:00:00+00:00,114.29,117.55,112.21,113.92,92665375.0,571476.0,114.995772
AMD,2022-03-24 04:00:00+00:00,114.96,120.55,113.71,120.53,124137843.0,729380.0,118.200967
AMD,2022-03-25 04:00:00+00:00,119.915,121.4,117.2533,119.67,97902197.0,555208.0,119.109703
AMD,2022-03-28 04:00:00+00:00,117.7,120.41,116.71,120.24,95739027.0,501686.0,118.768006
AMD,2022-03-29 04:00:00+00:00,122.28,123.71,119.59,123.23,97209425.0,545971.0,121.867702
AMD,2022-03-30 04:00:00+00:00,123.04,125.67,118.59,119.22,101848385.0,577134.0,122.49128
AMD,2022-03-31 04:00:00+00:00,116.31,116.38,109.02,109.34,150620254.0,950245.0,111.458117
AMD,2022-04-01 04:00:00+00:00,110.48,111.42,106.102,108.19,113929382.0,732847.0,107.601115
AMD,2022-04-04 04:00:00+00:00,109.97,110.9391,107.03,110.53,92154151.0,582963.0,109.361982
AMD,2022-04-05 04:00:00+00:00,109.685,110.48,106.05,106.82,82073495.0,546771.0,107.863905
AMD,2022-04-06 04:00:00+00:00,104.45,105.744,101.7106,103.67,107683422.0,716469.0,103.423611
AMD,2022-04-07 04:00:00+00:00,103.92,105.24,100.91,103.72,91895526.0,542853.0,103.407037
AMD,2022-04-08 04:00:00+00:00,102.51,102.99,100.4205,101.0,94277825.0,562384.0,101.442447
AMD,2022-04-11 04:00:00+00:00,98.6,98.67,95.94,97.37,96301412.0,641156.0,97.316145
AMD,2022-04-12 04:00:00+00:00,98.78,99.59,94.6,95.1,91041103.0,619736.0,96.766512
AMD,2022-04-13 04:00:00+00:00,95.3,98.33,94.71,97.74,79572881.0,466316.0,97.165685
AMD,2022-04-14 04:00:00+00:00,98.37,98.39,92.92,93.06,76107418.0,517672.0,95.148143
AMD,2022-04-18 04:00:00+00:00,92.03,95.16,91.64,93.89,82302240.0,491395.0,93.615332
AMD,2022-04-19 04:00:00+00:00,93.385,97.07,92.84,96.93,79126006.0,458682.0,95.906312
AMD,2022-04-20 04:00:00+00:00,97.84,97.91,93.2,94.02,64080434.0,437820.0,94.839814
AMD,2022-04-21 04:00:00+00:00,95.16,96.23,89.24,89.85,78730290.0,552824.0,91.81168
AMD,2022-04-22 04:00:00+00:00,90.03,91.46,87.935,88.14,77197203.0,520330.0,89.407297
AMD,2022-04-25 04:00:00+00:00,89.86,91.37,88.61,90.69,95939775.0,629549.0,89.864563
AMD,2022-04-26 04:00:00+00:00,89.74,90.12,85.08,85.16,92700217.0,606311.0,86.449697
AMD,2022-04-27 04:00:00+00:00,84.25,87.9,84.02,84.91,84914589.0,538049.0,85.778223
AMD,2022-04-28 04:00:00+00:00,86.67,90.58,84.78,89.64,94237040.0,573549.0,87.858845
AMD,2022-04-29 04:00:00+00:00,88.05,91.79,85.38,85.52,86409692.0,506524.0,87.884729
AMD,2022-05-02 04:00:00+00:00,85.655,90.37,85.3201,89.84,100709163.0,627666.0,87.52845
AMD,2022-05-03 04:00:00+00:00,89.85,92.21,89.01,91.13,128390788.0,791923.0,90.816521
AMD,2022-05-04 04:00:00+00:00,98.18,99.69,91.7,99.42,229629830.0,1285741.0,95.031564
AMD,2022-05-05 04:00:00+00:00,97.65,97.84,92.17,93.87,157572060.0,889259.0,94.464575
AMD,2022-05-06 04:00:00+00:00,94.34,98.18,92.65,95.34,146633075.0,876180.0,95.633543
AMD,2022-05-09 04:00:00+00:00,92.865,93.74,85.38,86.36,147494926.0,901149.0,88.622289
AMD,2022-05-10 04:00:00+00:00,89.18,90.7721,85.41,88.73,140016922.0,735897.0,88.074905
AMD,2022-05-11 04:00:00+00:00,87.84,93.46,86.53,87.92,139562966.0,859976.0,90.286467
AMD,2022-05-12 04:00:00+00:00,86.6,88.55,83.27,87.06,131436797.0,882936.0,85.689961
AMD,2022-05-13 04:00:00+00:00,88.3,96.57,88.22,95.12,141215991.0,815778.0,93.793025
AMD,2022-05-16 04:00:00+00:00,93.86,98.169,93.0801,94.24,131424946.0,712617.0,95.635108
AMD,2022-05-17 04:00:00+00:00,97.88,103.2,97.54,102.47,167505504.0,889773.0,100.925437
AMD,2022-05-18 04:00:00+00:00,100.0,104.22,95.71,96.28,142603246.0,818278.0,99.050668
AMD,2022-05-19 04:00:00+00:00,96.69,100.69,95.09,96.67,142976164.0,782102.0,98.228306
AMD,2022-05-20 04:00:00+00:00,98.385,98.64,88.26,93.5,167226069.0,908727.0,92.43089
AMD,2022-05-23 04:00:00+00:00,91.66,95.19,90.92,95.07,130345437.0,662110.0,93.390836
AMD,2022-05-24 04:00:00+00:00,92.54,93.42,89.62,91.16,125473614.0,641686.0,91.261967
AMD,2022-05-25 04:00:00+00:00,90.425,93.89,89.52,92.65,113768484.0,590114.0,91.690138
AMD,2022-05-26 04:00:00+00:00,91.34,100.33,90.74,98.75,131510343.0,735282.0,97.755459
AMD,2022-05-27 04:00:00+00:00,100.14,102.4,99.38,102.26,107022990.0,574086.0,101.205404
AMD,2022-05-31 04:00:00+00:00,102.43,104.55,100.04,101.86,130628549.0,646487.0,102.70238
AMD,2022-06-01 04:00:00+00:00,102.13,103.57,99.55,101.22,100762307.0,572838.0,101.571448
AMD,2022-06-02 04:00:00+00:00,100.78,109.5,100.78,108.59,123155943.0,708966.0,106.554107
AMD,2022-06-03 04:00:00+00:00,105.8,109.39,104.65,106.3,113238370.0,618737.0,106.577362
AMD,2022-06-06 04:00:00+00:00,108.27,109.57,104.225,105.65,98016087.0,530806.0,106.499938
AMD,2022-06-07 04:00:00+00:00,104.24,106.24,102.61,105.28,81039000.0,430739.0,104.891299
AMD,2022-06-08 04:00:00+00:00,104.57,105.848,100.41,101.9,99797500.0,554986.0,102.912366
AMD,2022-06-09 04:00:00+00:00,101.57,103.94,98.74,98.8,97629898.0,542030.0,101.47793
AMD,2022-06-10 04:00:00+00:00,98.82,99.928,94.25,94.82,105460242.0,640000.0,96.027395
AMD,2022-06-13 04:00:00+00:00,91.26,92.03,86.64,86.99,101866610.0,658723.0,88.829756
AMD,2022-06-14 04:00:00+00:00,87.41,88.3,85.8201,86.99,85916006.0,495944.0,87.018216
AMD,2022-06-15 04:00:00+00:00,87.9,90.86,86.19,89.3,98072061.0,565403.0,88.387107
AMD,2022-06-16 04:00:00+00:00,86.63,86.73,80.64,82.05,105939399.0,635570.0,82.756652
AMD,2022-06-17 04:00:00+00:00,82.19,82.94,79.43,81.57,112408508.0,559218.0,81.577256
AMD,2022-06-21 04:00:00+00:00,84.17,85.81,82.6,83.79,90704775.0,470137.0,84.500485
AMD,2022-06-22 04:00:00+00:00,84.4,86.375,83.3001,83.75,90152076.0,446460.0,84.514839
AMD,2022-06-23 04:00:00+00:00,84.315,84.41,80.2251,82.43,101968252.0,516190.0,82.066032
AMD,2022-06-24 04:00:00+00:00,83.56,87.53,83.0801,87.08,93282148.0,453927.0,86.218665
AMD,2022-06-27 04:00:00+00:00,87.355,88.22,85.25,86.16,76862989.0,371913.0,86.637056
AMD,2022-06-28 04:00:00+00:00,85.71,86.73,80.43,80.78,98396988.0,587479.0,82.481568
AMD,2022-06-29 04:00:00+00:00,79.55,79.75,76.51,77.99,106294943.0,629905.0,77.682004
AMD,2022-06-30 04:00:00+00:00,77.73,78.91,75.48,76.47,108247435.0,551031.0,77.061662
AMD,2022-07-01 04:00:00+00:00,75.185,75.45,72.69,73.67,89631362.0,558373.0,73.728244
AMD,2022-07-05 04:00:00+00:00,71.98,75.21,71.6,75.2,97495437.0,566552.0,73.832171
AMD,2022-07-06 04:00:00+00:00,75.17,76.28,73.55,75.35,86988498.0,461879.0,74.828341
AMD,2022-07-07 04:00:00+00:00,77.195,79.99,76.9,79.3,85844162.0,460862.0,78.859906
AMD,2022-07-08 04:00:00+00:00,78.31,80.47,77.4,79.35,84818800.0,426511.0,79.04342
AMD,2022-07-11 04:00:00+00:00,77.845,78.29,75.8417,76.95,78369294.0,400092.0,77.125112
AMD,2022-07-12 04:00:00+00:00,76.98,77.44,74.43,76.36,79942138.0,410537.0,76.101163
AMD,2022-07-13 04:00:00+00:00,74.94,79.11,74.48,77.52,81164531.0,444036.0,77.594022
AMD,2022-07-14 04:00:00+00:00,78.23,79.25,76.0,78.6,85238590.0,456067.0,77.682831
AMD,2022-07-15 04:00:00+00:00,79.36,81.2,77.9,81.11,79518574.0,424139.0,79.879446
AMD,2022-07-18 04:00:00+00:00,82.21,84.47,80.94,81.43,92630294.0,435721.0,82.64786
AMD,2022-07-19 04:00:00+00:00,82.76,86.41,82.19,85.88,87906665.0,420222.0,84.794435
AMD,2022-07-20 04:00:00+00:00,85.39,89.9198,85.08,89.43,90487598.0,451816.0,88.186989
AMD,2022-07-21 04:00:00+00:00,89.6,91.58,88.22,91.09,92552407.0,458931.0,90.268868
AMD,2022-07-22 04:00:00+00:00,90.2,90.69,87.04,88.1,81412359.0,417296.0,88.389625
AMD,2022-07-25 04:00:00+00:00,86.57,87.6,85.12,87.54,72153060.0,370523.0,86.526882
AMD,2022-07-26 04:00:00+00:00,87.0,87.749,84.71,85.25,70951043.0,363392.0,85.88191
AMD,2022-07-27 04:00:00+00:00,86.94,90.62,86.29,89.82,82612596.0,426960.0,88.735786
AMD,2022-07-28 04:00:00+00:00,90.415,92.22,88.5909,91.67,80512351.0,445576.0,90.598708
AMD,2022-07-29 04:00:00+00:00,90.7,94.81,90.56,94.47,79387566.0,456855.0,93.189611
AMD,2022-08-01 04:00:00+00:00,95.59,98.39,93.96,96.78,98354814.0,603629.0,96.697857
AMD,2022-08-02 04:00:00+00:00,95.71,100.915,95.36,99.29,118257974.0,721499.0,98.736389
AMD,2022-08-03 04:00:00+00:00,94.83,98.7693,93.62,98.09,135665534.0,735719.0,97.189102
AMD,2022-08-04 04:00:00+00:00,97.5,104.59,97.26,103.91,127551873.0,732422.0,102.284464
AMD,2022-08-05 04:00:00+00:00,101.05,103.86,100.98,102.31,95710502.0,532440.0,102.521012
AMD,2022-08-08 04:00:00+00:00,100.06,101.8,97.99,100.07,94278290.0,578324.0,99.976441
AMD,2022-08-09 04:00:00+00:00,97.95,98.0461,93.67,95.54,91706183.0,540471.0,95.631159
AMD,2022-08-10 04:00:00+00:00,98.45,99.35,95.61,99.05,86408023.0,476836.0,97.824373
AMD,2022-08-11 04:00:00+00:00,99.93,102.37,98.0,98.12,79381382.0,446686.0,100.056337
AMD,2022-08-12 04:00:00+00:00,99.2,101.4,98.48,100.83,74262074.0,406614.0,100.574101
AMD,2022-08-15 04:00:00+00:00,100.505,101.85,99.8002,101.01,62497924.0,366784.0,100.79839
AMD,2022-08-16 04:00:00+00:00,100.98,101.45,98.3201,100.2,61542951.0,368687.0,99.944327
AMD,2022-08-17 04:00:00+00:00,99.26,99.64,96.725,98.27,65343576.0,391338.0,97.854106
AMD,2022-08-18 04:00:00+00:00,97.74,101.07,96.7342,100.44,77748432.0,423358.0,99.618278
AMD,2022-08-19 04:00:00+00:00,98.67,99.245,94.59,95.95,69590698.0,446030.0,96.372139
AMD,2022-08-22 04:00:00+00:00,94.4,95.02,92.36,92.84,64976078.0,381865.0,93.324506
AMD,2022-08-23 04:00:00+00:00,92.39,94.44,92.11,92.49,53780643.0,319631.0,93.267886
AMD,2022-08-24 04:00:00+00:00,92.21,93.38,90.9,92.73,57862326.0,314023.0,92.40648
AMD,2022-08-25 04:00:00+00:00,93.14,97.57,93.14,97.18,62813751.0,379874.0,96.335533
AMD,2022-08-26 04:00:00+00:00,96.29,97.5999,91.12,91.18,69725957.0,440375.0,93.497674
AMD,2022-08-29 04:00:00+00:00,90.05,91.19,88.26,88.49,63310225.0,421591.0,89.271936
AMD,2022-08-30 04:00:00+00:00,90.055,90.15,85.34,86.94,70944550.0,425126.0,86.836175
AMD,2022-08-31 04:00:00+00:00,86.28,86.72,83.72,84.87,67717829.0,427485.0,84.973596
AMD,2022-09-01 04:00:00+00:00,82.345,82.755,78.52,82.33,97193010.0,620115.0,80.562357
AMD,2022-09-02 04:00:00+00:00,83.315,83.65,79.805,80.24,86848658.0,479638.0,81.583938
AMD,2022-09-06 04:00:00+00:00,80.41,80.89,78.3724,78.72,70596350.0,405028.0,79.248404
AMD,2022-09-07 04:00:00+00:00,79.24,80.25,77.74,79.61,69918167.0,368967.0,78.977577
AMD,2022-09-08 04:00:00+00:00,80.03,83.45,79.24,82.78,90577387.0,499468.0,81.832239
AMD,2022-09-09 04:00:00+00:00,84.03,85.68,83.84,85.45,70812119.0,413654.0,84.958098
AMD,2022-09-12 04:00:00+00:00,84.89,85.3488,83.46,84.64,73721740.0,403157.0,84.32845
AMD,2022-09-13 04:00:00+00:00,80.955,81.47,76.8,77.03,85498836.0,534298.0,78.488543
AMD,2022-09-14 04:00:00+00:00,77.1,78.08,75.87,77.45,73400887.0,395359.0,77.107592
AMD,2022-09-15 04:00:00+00:00,76.64,77.97,74.905,76.66,83731018.0,455246.0,76.546456
AMD,2022-09-16 04:00:00+00:00,75.62,76.82,74.68,76.51,81673043.0,387439.0,75.722228
AMD,2022-09-19 04:00:00+00:00,75.39,77.34,75.35,76.77,66327787.0,354513.0,76.539607
AMD,2022-09-20 04:00:00+00:00,76.08,76.58,74.7312,75.25,52385197.0,290193.0,75.649895
AMD,2022-09-21 04:00:00+00:00,75.435,78.41,74.45,74.48,83922318.0,448547.0,76.107559
AMD,2022-09-22 04:00:00+00:00,73.89,74.29,69.17,69.5,104984107.0,601513.0,70.78379
AMD,2022-09-23 04:00:00+00:00,68.0,69.0801,66.8216,67.96,90955509.0,514074.0,67.710824
AMD,2022-09-26 04:00:00+00:00,67.87,68.74,66.25,66.3,85394994.0,416145.0,67.260792
AMD,2022-09-27 04:00:00+00:00,67.9,68.78,66.0,67.17,96721670.0,467009.0,67.366575
AMD,2022-09-28 04:00:00+00:00,67.11,68.7979,66.56,68.36,75421032.0,389767.0,68.040985
AMD,2022-09-29 04:00:00+00:00,67.15,67.2,62.8301,64.14,106424560.0,538138.0,64.301207
AMD,2022-09-30 04:00:00+00:00,63.615,65.91,63.34,63.36,84336596.0,422110.0,64.405993
AMD,2022-10-03 04:00:00+00:00,64.46,66.91,63.39,66.11,87365551.0,405152.0,65.790129
AMD,2022-10-04 04:00:00+00:00,68.27,69.18,67.33,67.9,80116250.0,426200.0,68.247541
AMD,2022-10-05 04:00:00+00:00,66.59,68.69,64.515,67.94,88725753.0,445772.0,66.627303
AMD,2022-10-06 04:00:00+00:00,67.82,70.29,67.661,67.85,100153572.0,498467.0,68.737614
AMD,2022-10-07 04:00:00+00:00,64.0101,64.03,58.22,58.44,169798855.0,906440.0,60.468145
AMD,2022-10-10 04:00:00+00:00,57.31,58.79,56.3,57.81,115575214.0,577866.0,57.468925
AMD,2022-10-11 04:00:00+00:00,57.21,58.915,56.05,57.63,117469049.0,559906.0,57.499018
AMD,2022-10-12 04:00:00+00:00,57.45,58.32,56.32,57.85,91094840.0,452888.0,57.521627
AMD,2022-10-13 04:00:00+00:00,55.52,60.14,54.57,58.94,133960552.0,702358.0,58.015637
AMD,2022-10-14 04:00:00+00:00,59.6,59.94,55.835,55.94,99674924.0,485628.0,56.963355
AMD,2022-10-17 04:00:00+00:00,57.35,58.51,57.1,57.96,79726448.0,401192.0,57.908858
AMD,2022-10-18 04:00:00+00:00,59.91,60.49,56.4,57.92,104826226.0,498300.0,57.851747
AMD,2022-10-19 04:00:00+00:00,57.325,59.0376,56.57,57.23,77142146.0,382511.0,57.472126
AMD,2022-10-20 04:00:00+00:00,57.47,60.2,57.4,57.77,81451770.0,401287.0,58.67953
AMD,2022-10-21 04:00:00+00:00,57.215,58.91,55.71,58.82,98224852.0,474642.0,57.522358
AMD,2022-10-24 04:00:00+00:00,58.57,59.0,56.66,58.7,79277680.0,406937.0,58.190774
AMD,2022-10-25 04:00:00+00:00,58.765,61.975,58.69,61.47,89244527.0,420263.0,61.146351
AMD,2022-10-26 04:00:00+00:00,59.69,61.77,59.15,59.73,82069902.0,427852.0,60.355066
AMD,2022-10-27 04:00:00+00:00,61.6,62.72,58.51,58.6,86917081.0,470206.0,60.333916
AMD,2022-10-28 04:00:00+00:00,59.1,62.35,58.92,62.01,80973628.0,430112.0,61.319631
AMD,2022-10-31 04:00:00+00:00,60.75,61.86,59.525,60.06,75783457.0,390512.0,60.276568
AMD,2022-11-01 04:00:00+00:00,61.485,61.99,59.425,59.66,86076628.0,435967.0,60.3085
AMD,2022-11-02 04:00:00+00:00,62.9999,63.93,58.57,58.63,145567630.0,775040.0,61.224476
AMD,2022-11-03 04:00:00+00:00,58.11,62.28,58.03,60.11,97890442.0,529203.0,60.52269
AMD,2022-11-04 04:00:00+00:00,62.5,63.0,60.53,62.19,88642723.0,448886.0,61.758813
AMD,2022-11-07 05:00:00+00:00,62.93,63.53,61.4,63.08,65658490.0,332753.0,62.368562
AMD,2022-11-08 05:00:00+00:00,64.09,64.96,62.3678,63.85,77656124.0,449120.0,63.94585
AMD,2022-11-09 05:00:00+00:00,62.28,63.05,59.8,59.92,66116142.0,368517.0,60.845134
AMD,2022-11-10 05:00:00+00:00,64.3,68.8,63.62,68.47,113452735.0,576459.0,67.047347
AMD,2022-11-11 05:00:00+00:00,69.58,73.32,68.29,72.37,114610665.0,611845.0,71.575105
AMD,2022-11-14 05:00:00+00:00,75.22,75.25,72.67,73.53,111887472.0,587885.0,74.171254
AMD,2022-11-15 05:00:00+00:00,77.26,79.16,75.39,76.37,111474702.0,605498.0,77.090931
AMD,2022-11-16 05:00:00+00:00,73.655,74.8268,71.925,72.7,84604063.0,445590.0,72.983635
AMD,2022-11-17 05:00:00+00:00,70.56,74.38,70.16,73.9,84368587.0,432254.0,73.33069
AMD,2022-11-18 05:00:00+00:00,75.07,75.3499,72.18,73.57,76099881.0,353764.0,73.330159
AMD,2022-11-21 05:00:00+00:00,72.21,72.98,71.57,72.46,53517331.0,283706.0,72.309298
AMD,2022-11-22 05:00:00+00:00,72.72,75.33,72.1091,75.25,58299872.0,280902.0,73.963491
AMD,2022-11-23 05:00:00+00:00,75.49,78.22,75.3,76.4,83609539.0,413795.0,76.681472
AMD,2022-11-25 05:00:00+00:00,75.67,76.0393,74.7495,75.14,26953096.0,143371.0,75.426554
AMD,2022-11-28 05:00:00+00:00,73.81,75.4699,72.57,73.19,48127231.0,273524.0,73.769267
AMD,2022-11-29 05:00:00+00:00,73.62,74.4899,72.78,73.39,53584022.0,263459.0,73.587924
AMD,2022-11-30 05:00:00+00:00,73.38,77.7,72.8131,77.63,96761061.0,414573.0,75.508864
AMD,2022-12-01 05:00:00+00:00,78.31,79.23,76.44,77.48,62681526.0,347887.0,77.390513
AMD,2022-12-02 05:00:00+00:00,75.05,76.28,73.65,74.98,66117010.0,374929.0,75.02604
AMD,2022-12-05 05:00:00+00:00,74.54,75.17,72.82,73.62,49053840.0,277930.0,73.919208
AMD,2022-12-06 05:00:00+00:00,73.08,73.3911,69.4,70.27,67506517.0,375983.0,70.840678
AMD,2022-12-07 05:00:00+00:00,69.53,71.37,69.28,70.14,61037339.0,321798.0,70.263167
AMD,2022-12-08 05:00:00+00:00,70.14,71.225,69.0,70.47,59009068.0,335732.0,70.197821
AMD,2022-12-09 05:00:00+00:00,69.49,70.67,68.52,68.59,61540985.0,321751.0,69.53008
AMD,2022-12-12 05:00:00+00:00,68.54,70.67,67.53,70.67,62959814.0,337204.0,69.459695
AMD,2022-12-13 05:00:00+00:00,74.87,75.21,70.66,71.65,74672001.0,432185.0,72.628649
AMD,2022-12-14 05:00:00+00:00,70.93,72.0,68.32,68.93,70025593.0,375825.0,70.139274
AMD,2022-12-15 05:00:00+00:00,67.604,68.21,66.12,66.53,61803897.0,338818.0,66.690391
AMD,2022-12-16 05:00:00+00:00,66.25,67.19,64.8,65.41,73336039.0,279811.0,65.470334
AMD,2022-12-19 05:00:00+00:00,65.12,65.59,63.71,64.59,49731622.0,253917.0,64.310748
AMD,2022-12-20 05:00:00+00:00,63.76,66.06,63.52,65.05,54369029.0,284741.0,65.214804
AMD,2022-12-21 05:00:00+00:00,65.43,67.845,65.21,67.68,46925823.0,250190.0,67.172503
AMD,2022-12-22 05:00:00+00:00,66.08,66.31,62.2601,63.86,78107407.0,414933.0,63.458825
AMD,2022-12-23 05:00:00+00:00,63.11,64.66,62.72,64.52,47843400.0,253353.0,63.975844
AMD,2022-12-27 05:00:00+00:00,63.87,64.28,62.97,63.27,38184975.0,216936.0,63.551528
AMD,2022-12-28 05:00:00+00:00,62.54,63.54,61.96,62.57,40997030.0,214649.0,62.666407
AMD,2022-12-29 05:00:00+00:00,63.635,65.18,63.06,64.82,44259982.0,230160.0,64.630551
AMD,2022-12-30 05:00:00+00:00,63.77,64.82,63.1437,64.77,39077171.0,216197.0,64.085491
AMD,2023-01-03 05:00:00+00:00,65.998,66.88,63.59,64.02,48737338.0,273159.0,64.560049
AMD,2023-01-04 05:00:00+00:00,65.0,65.79,63.31,64.66,49627944.0,271183.0,64.63803
AMD,2023-01-05 05:00:00+00:00,64.15,64.35,62.3,62.33,49271933.0,261336.0,63.067334
AMD,2023-01-06 05:00:00+00:00,63.145,64.3,60.05,63.96,73718225.0,377578.0,62.461861
AMD,2023-01-09 05:00:00+00:00,66.22,69.32,65.67,67.24,73012565.0,384975.0,67.988622
AMD,2023-01-10 05:00:00+00:00,66.67,68.15,66.56,68.05,43008138.0,216764.0,67.581458
AMD,2023-01-11 05:00:00+00:00,68.39,69.13,67.2201,69.06,46526886.0,235799.0,68.23105
AMD,2023-01-12 05:00:00+00:00,70.07,71.65,67.18,70.8,72536193.0,384748.0,69.88574
AMD,2023-01-13 05:00:00+00:00,69.84,71.1,69.23,71.0,47418045.0,268717.0,70.384599
AMD,2023-01-17 05:00:00+00:00,70.87,72.66,70.653,71.59,45003861.0,244996.0,71.683306
AMD,2023-01-18 05:00:00+00:00,71.87,72.78,70.5,70.53,41532427.0,275015.0,71.339168
AMD,2023-01-19 05:00:00+00:00,68.975,69.2536,67.265,67.71,50141724.0,286259.0,68.158989
AMD,2023-01-20 05:00:00+00:00,68.01,70.13,67.45,70.07,51379702.0,266749.0,68.969346
AMD,2023-01-23 05:00:00+00:00,72.225,76.59,71.54,76.53,87883454.0,483672.0,75.316932
AMD,2023-01-24 05:00:00+00:00,73.75,75.6412,73.42,74.7,63502591.0,362769.0,74.436622
AMD,2023-01-25 05:00:00+00:00,72.9,75.12,72.09,74.91,52195833.0,284403.0,73.669763
AMD,2023-01-26 05:00:00+00:00,76.5,77.0798,74.28,75.16,51914659.0,309744.0,75.153226
AMD,2023-01-27 05:00:00+00:00,73.7,76.74,73.49,75.4,60466772.0,374641.0,75.464409
AMD,2023-01-30 05:00:00+00:00,74.23,74.64,72.4,72.45,50222712.0,315120.0,73.179631
AMD,2023-01-31 05:00:00+00:00,72.26,75.2,72.03,75.15,74523969.0,446189.0,74.177647
AMD,2023-02-01 05:00:00+00:00,78.47,85.48,77.88,84.64,158259623.0,920682.0,81.839335
AMD,2023-02-02 05:00:00+00:00,84.29,88.9388,83.2,88.31,98377255.0,614476.0,87.07228
AMD,2023-02-03 05:00:00+00:00,86.655,88.8014,85.83,86.09,69583981.0,403132.0,87.060286
AMD,2023-02-06 05:00:00+00:00,84.63,86.28,83.224,83.68,54804541.0,334228.0,84.395538
AMD,2023-02-07 05:00:00+00:00,84.32,86.25,82.52,85.91,68864430.0,371945.0,84.38266
AMD,2023-02-08 05:00:00+00:00,85.88,88.0,84.54,84.69,56105887.0,316121.0,85.802168
AMD,2023-02-09 05:00:00+00:00,85.88,86.67,82.76,83.21,48516051.0,292633.0,84.888628
AMD,2023-02-10 05:00:00+00:00,82.29,82.71,80.47,81.48,52239331.0,312798.0,81.399589
AMD,2023-02-13 05:00:00+00:00,81.57,84.15,80.9,83.13,47489682.0,249819.0,82.767195
AMD,2023-02-14 05:00:00+00:00,82.7,86.185,81.7672,85.95,58306763.0,358783.0,84.936909
AMD,2023-02-15 05:00:00+00:00,85.1,85.89,83.32,85.18,48594915.0,297994.0,84.454787
AMD,2023-02-16 05:00:00+00:00,82.98,83.35,80.05,80.08,61830659.0,377178.0,81.79482
AMD,2023-02-17 05:00:00+00:00,79.6,79.6498,77.37,78.5,49710808.0,317856.0,78.242963
AMD,2023-02-21 05:00:00+00:00,77.15,78.455,76.45,76.77,47448883.0,264744.0,77.171394
AMD,2023-02-22 05:00:00+00:00,76.93,78.1299,75.9201,76.61,51905790.0,288650.0,76.789371
AMD,2023-02-23 05:00:00+00:00,80.63,81.79,77.965,79.75,79255122.0,491714.0,79.647266
AMD,2023-02-24 05:00:00+00:00,77.75,78.81,76.94,78.09,49335297.0,273777.0,77.808551
AMD,2023-02-27 05:00:00+00:00,79.64,80.12,78.53,78.77,48629869.0,264295.0,79.152579
AMD,2023-02-28 05:00:00+00:00,77.872,80.14,77.42,78.58,46087014.0,263970.0,78.768163
AMD,2023-03-01 05:00:00+00:00,78.55,80.2869,77.8813,78.29,45543199.0,279290.0,78.71373
AMD,2023-03-02 05:00:00+00:00,77.57,80.92,76.65,80.44,61877420.0,360277.0,78.7033
AMD,2023-03-03 05:00:00+00:00,80.4,81.63,79.34,81.52,57024404.0,330536.0,80.582439
AMD,2023-03-06 05:00:00+00:00,82.03,83.2986,81.04,81.16,56185879.0,332533.0,82.019836
AMD,2023-03-07 05:00:00+00:00,81.07,84.85,80.665,82.11,73849860.0,396196.0,82.52793
AMD,2023-03-08 05:00:00+00:00,82.79,85.77,82.28,85.37,72044108.0,411847.0,84.560742
AMD,2023-03-09 05:00:00+00:00,85.29,87.81,83.59,84.03,82250915.0,454815.0,85.789932
AMD,2023-03-10 05:00:00+00:00,84.47,85.45,81.63,82.67,72544867.0,410537.0,83.202479
AMD,2023-03-13 04:00:00+00:00,81.39,83.83,78.515,82.01,68032978.0,431094.0,81.809409
AMD,2023-03-14 04:00:00+00:00,83.67,88.3,83.59,87.45,66927665.0,453250.0,86.981678
AMD,2023-03-15 04:00:00+00:00,86.77,90.42,86.215,89.68,89417568.0,572196.0,88.134462
AMD,2023-03-16 04:00:00+00:00,89.72,96.69,89.02,96.6,119031434.0,731262.0,94.654187
AMD,2023-03-17 04:00:00+00:00,96.66,98.75,95.9364,97.84,101677974.0,547772.0,97.217408
AMD,2023-03-20 04:00:00+00:00,96.3,96.94,92.9,96.81,94111856.0,561019.0,94.98974
AMD,2023-03-21 04:00:00+00:00,97.0,99.4646,93.64,95.93,87359262.0,518037.0,96.171703
AMD,2023-03-22 04:00:00+00:00,95.65,101.7,95.64,97.58,113063599.0,674761.0,98.68655
AMD,2023-03-23 04:00:00+00:00,100.05,102.43,98.671,100.28,86903239.0,507816.0,100.809984
AMD,2023-03-24 04:00:00+00:00,99.18,99.52,96.74,97.95,66577949.0,421725.0,97.864964
AMD,2023-03-27 04:00:00+00:00,98.02,98.93,95.425,96.61,59703019.0,368022.0,96.855154
AMD,2023-03-28 04:00:00+00:00,96.77,96.94,92.87,94.56,60862332.0,403926.0,93.873168
AMD,2023-03-29 04:00:00+00:00,96.07,96.91,94.87,96.09,58308142.0,341941.0,95.924143
AMD,2023-03-30 04:00:00+00:00,98.0,99.53,97.25,97.88,61897016.0,351399.0,98.269484
AMD,2023-03-31 04:00:00+00:00,96.34,98.36,95.27,98.01,56228593.0,361752.0,97.069952
AMD,2023-04-03 04:00:00+00:00,96.695,96.79,94.81,96.56,53031070.0,353527.0,95.851824
AMD,2023-04-04 04:00:00+00:00,97.038,97.27,95.21,95.87,45535606.0,279132.0,96.211939
AMD,2023-04-05 04:00:00+00:00,94.35,94.5,91.36,92.56,55785585.0,376645.0,92.56418
AMD,2023-04-06 04:00:00+00:00,91.47,92.9148,90.62,92.47,49580924.0,320779.0,92.171984
AMD,2023-04-10 04:00:00+00:00,91.32,95.795,91.02,95.48,54837609.0,328415.0,94.32103
AMD,2023-04-11 04:00:00+00:00,96.06,96.07,92.69,94.03,53662747.0,320446.0,93.963737
AMD,2023-04-12 04:00:00+00:00,94.97,95.0,91.74,92.33,53639997.0,340766.0,93.019376
AMD,2023-04-13 04:00:00+00:00,92.79,93.16,91.83,92.09,40728443.0,259346.0,92.422765
AMD,2023-04-14 04:00:00+00:00,91.82,92.97,90.5,91.75,39861472.0,249647.0,91.626354
AMD,2023-04-17 04:00:00+00:00,90.23,90.69,88.3,89.87,48939298.0,354257.0,89.427302
AMD,2023-04-18 04:00:00+00:00,91.61,92.16,89.33,89.78,46563159.0,292790.0,90.499758
AMD,2023-04-19 04:00:00+00:00,88.51,90.54,88.22,89.94,38905173.0,242825.0,89.706869
AMD,2023-04-20 04:00:00+00:00,88.825,91.5795,88.73,90.11,47319642.0,285442.0,90.552335
AMD,2023-04-21 04:00:00+00:00,89.8,89.8,88.055,88.43,41417795.0,269391.0,88.854321
AMD,2023-04-24 04:00:00+00:00,88.11,88.64,86.34,87.57,40627417.0,274441.0,87.355322
AMD,2023-04-25 04:00:00+00:00,86.9,87.06,83.76,83.8,55654445.0,341561.0,85.011185
AMD,2023-04-26 04:00:00+00:00,86.51,87.35,85.32,85.94,48131195.0,331810.0,86.319293
AMD,2023-04-27 04:00:00+00:00,86.41,87.565,84.09,87.44,53301805.0,346169.0,86.150231
AMD,2023-04-28 04:00:00+00:00,87.02,89.75,86.44,89.37,52804232.0,349868.0,88.293622
AMD,2023-05-01 04:00:00+00:00,91.03,91.04,88.61,89.69,61441658.0,382941.0,89.764941
AMD,2023-05-02 04:00:00+00:00,89.32,90.455,88.12,89.91,70747287.0,462179.0,89.51875
AMD,2023-05-03 04:00:00+00:00,83.54,85.48,81.02,81.62,112634855.0,791303.0,82.505906
AMD,2023-05-04 04:00:00+00:00,81.57,91.64,81.11,86.61,125784929.0,787261.0,86.522637
AMD,2023-05-05 04:00:00+00:00,84.99,90.425,84.72,89.84,81637944.0,510052.0,88.523197
AMD,2023-05-08 04:00:00+00:00,89.99,95.655,89.17,95.04,97317091.0,573689.0,93.452146
AMD,2023-05-09 04:00:00+00:00,94.89,96.16,93.4281,95.06,70433290.0,414246.0,94.968269
AMD,2023-05-10 04:00:00+00:00,96.42,99.94,96.12,97.02,95966310.0,548624.0,97.982463
AMD,2023-05-11 04:00:00+00:00,98.155,99.19,96.14,97.1,58952579.0,365289.0,97.286454
AMD,2023-05-12 04:00:00+00:00,96.83,97.45,93.68,95.26,55598305.0,345942.0,95.130374
AMD,2023-05-15 04:00:00+00:00,95.2,97.43,93.45,97.4,53589137.0,316159.0,95.780912
AMD,2023-05-16 04:00:00+00:00,97.39,103.28,97.31,101.48,92513682.0,585181.0,101.688047
AMD,2023-05-17 04:00:00+00:00,101.79,104.14,100.05,103.75,78902430.0,437426.0,102.564925
AMD,2023-05-18 04:00:00+00:00,103.98,108.1,103.93,107.93,74585860.0,485677.0,106.673475
AMD,2023-05-19 04:00:00+00:00,106.36,107.29,104.6201,105.82,69414665.0,435998.0,105.74782
AMD,2023-05-22 04:00:00+00:00,104.68,108.79,103.4923,108.0,67342893.0,393608.0,107.261792
AMD,2023-05-23 04:00:00+00:00,107.25,110.99,107.19,108.12,74562388.0,461966.0,109.155533
AMD,2023-05-24 04:00:00+00:00,105.98,108.91,105.64,108.27,66417335.0,462825.0,107.102624
AMD,2023-05-25 04:00:00+00:00,117.305,120.69,115.8,120.35,109604653.0,876130.0,118.868764
AMD,2023-05-26 04:00:00+00:00,122.46,127.43,120.89,127.03,92807477.0,640346.0,125.174611
AMD,2023-05-30 04:00:00+00:00,130.415,130.79,123.51,125.27,103520252.0,719302.0,126.210408
AMD,2023-05-31 04:00:00+00:00,122.42,123.96,117.86,118.21,88062476.0,635930.0,120.352603
AMD,2023-06-01 04:00:00+00:00,117.29,121.28,116.6,119.47,66611677.0,466712.0,119.096064
AMD,2023-06-02 04:00:00+00:00,120.75,121.66,117.675,117.86,58695671.0,465649.0,119.05394
AMD,2023-06-05 04:00:00+00:00,116.59,119.32,116.42,117.93,52606652.0,376497.0,118.222734
AMD,2023-06-06 04:00:00+00:00,117.91,124.42,117.74,124.23,75266021.0,519566.0,122.585755
AMD,2023-06-07 04:00:00+00:00,124.025,125.34,117.07,117.83,83887743.0,574744.0,120.622769
AMD,2023-06-08 04:00:00+00:00,118.295,122.21,117.05,121.05,65249825.0,445448.0,120.438472
AMD,2023-06-09 04:00:00+00:00,123.57,127.25,123.55,124.92,75084336.0,533789.0,125.307576
AMD,2023-06-12 04:00:00+00:00,128.52,130.48,126.4,129.19,85697391.0,604227.0,128.174873
AMD,2023-06-13 04:00:00+00:00,132.32,132.83,122.45,124.53,132482385.0,952665.0,127.453076
AMD,2023-06-14 04:00:00+00:00,126.525,127.725,123.81,127.33,95868720.0,710356.0,126.327674
AMD,2023-06-15 04:00:00+00:00,125.39,125.7,122.26,124.24,85582948.0,633569.0,123.816268
AMD,2023-06-16 04:00:00+00:00,125.82,125.85,119.9,120.08,81988412.0,577066.0,121.55328
AMD,2023-06-20 04:00:00+00:00,119.085,121.75,117.7,118.93,58849288.0,462774.0,118.932514
AMD,2023-06-21 04:00:00+00:00,118.485,119.1888,111.67,112.11,82830999.0,646401.0,113.778524
AMD,2023-06-22 04:00:00+00:00,112.24,114.0,109.85,110.7,70768523.0,521305.0,111.70356
AMD,2023-06-23 04:00:00+00:00,109.31,111.0957,107.46,110.01,73775249.0,502048.0,109.628562
AMD,2023-06-26 04:00:00+00:00,110.95,112.55,107.2,107.51,68570774.0,496571.0,109.410772
AMD,2023-06-27 04:00:00+00:00,108.565,110.97,107.08,110.39,59514042.0,415117.0,109.15938
AMD,2023-06-28 04:00:00+00:00,108.21,111.78,107.63,110.17,67569584.0,516829.0,109.78318
AMD,2023-06-29 04:00:00+00:00,112.065,112.7599,109.84,111.24,58348770.0,445440.0,111.26054
AMD,2023-06-30 04:00:00+00:00,113.03,114.69,112.41,113.91,52637823.0,418455.0,113.850018
AMD,2023-07-03 04:00:00+00:00,115.16,116.73,114.51,115.82,31788230.0,256120.0,115.469242
AMD,2023-07-05 04:00:00+00:00,116.1,117.662,113.855,113.95,49509327.0,376578.0,115.307343
AMD,2023-07-06 04:00:00+00:00,112.07,113.79,110.31,113.48,42425069.0,335327.0,112.261933
AMD,2023-07-07 04:00:00+00:00,114.16,115.33,113.04,113.17,37211287.0,298607.0,114.351228
AMD,2023-07-10 04:00:00+00:00,113.0,113.61,109.88,113.58,49687272.0,359425.0,112.02949
AMD,2023-07-11 04:00:00+00:00,111.66,113.27,109.5,111.32,59912888.0,487473.0,110.822116
AMD,2023-07-12 04:00:00+00:00,112.89,115.3999,112.3101,114.58,58005105.0,472355.0,114.060243
AMD,2023-07-13 04:00:00+00:00,115.76,116.16,113.575,115.92,49230197.0,379098.0,114.953666
AMD,2023-07-14 04:00:00+00:00,116.17,122.12,115.25,115.94,91927198.0,644665.0,118.722555
AMD,2023-07-17 04:00:00+00:00,115.95,118.8399,112.73,118.32,68605630.0,495414.0,116.09788
AMD,2023-07-18 04:00:00+00:00,117.55,118.43,115.192,117.93,57990093.0,422731.0,116.83108
AMD,2023-07-19 04:00:00+00:00,121.3,121.6699,115.55,116.43,70402475.0,521909.0,117.597897
AMD,2023-07-20 04:00:00+00:00,114.96,115.05,109.24,110.25,76376555.0,606769.0,111.875948
AMD,2023-07-21 04:00:00+00:00,110.97,112.3,109.54,110.95,77166729.0,461477.0,111.026118
AMD,2023-07-24 04:00:00+00:00,110.617,111.31,108.55,110.61,45641827.0,357627.0,110.435907
AMD,2023-07-25 04:00:00+00:00,111.14,114.05,111.0,113.0,44945422.0,323939.0,112.716148
AMD,2023-07-26 04:00:00+00:00,111.91,112.36,109.3,110.09,51735858.0,411143.0,110.583514
AMD,2023-07-27 04:00:00+00:00,111.79,115.08,110.51,111.1,70690307.0,503215.0,112.535603
AMD,2023-07-28 04:00:00+00:00,113.38,114.86,112.44,112.96,55525967.0,396887.0,113.54969
AMD,2023-07-31 04:00:00+00:00,114.16,114.68,112.35,114.4,55995558.0,396146.0,113.672424
AMD,2023-08-01 04:00:00+00:00,114.26,118.19,113.16,117.6,97622659.0,743059.0,116.583965
AMD,2023-08-02 04:00:00+00:00,119.49,119.5,107.38,109.35,173433453.0,1328733.0,111.127113
AMD,2023-08-03 04:00:00+00:00,108.95,114.96,108.95,113.15,90859664.0,633742.0,113.105428
AMD,2023-08-04 04:00:00+00:00,114.48,118.85,113.96,115.82,83169688.0,582903.0,116.414944
AMD,2023-08-07 04:00:00+00:00,116.36,119.08,115.49,116.81,65863904.0,440721.0,117.115214
AMD,2023-08-08 04:00:00+00:00,114.94,115.46,111.41,113.23,54144681.0,395454.0,113.032648
AMD,2023-08-09 04:00:00+00:00,112.89,113.15,108.78,110.47,56263857.0,422214.0,110.836001
AMD,2023-08-10 04:00:00+00:00,111.3,113.89,109.47,110.23,57301956.0,396664.0,111.315988
AMD,2023-08-11 04:00:00+00:00,108.85,109.07,106.48,107.57,55667747.0,431324.0,107.670027
AMD,2023-08-14 04:00:00+00:00,106.75,111.99,105.42,111.98,57459199.0,413454.0,109.800306
AMD,2023-08-15 04:00:00+00:00,111.99,113.18,110.17,111.35,53829151.0,362588.0,111.648062
AMD,2023-08-16 04:00:00+00:00,110.0863,110.4388,106.98,107.19,54333269.0,420443.0,108.034889
AMD,2023-08-17 04:00:00+00:00,107.62,107.85,104.1,104.44,59354905.0,421981.0,105.28249
AMD,2023-08-18 04:00:00+00:00,102.4,106.07,101.68,105.45,59916677.0,399916.0,104.400378
AMD,2023-08-21 04:00:00+00:00,106.2,108.54,105.67,108.22,49326627.0,341026.0,107.177558
AMD,2023-08-22 04:00:00+00:00,109.4,109.72,104.85,105.66,47339275.0,352102.0,106.338968
AMD,2023-08-23 04:00:00+00:00,105.65,110.08,105.0,109.43,54727666.0,414945.0,108.538016
AMD,2023-08-24 04:00:00+00:00,111.06,111.64,100.871,101.8,109195184.0,817975.0,103.264248
AMD,2023-08-25 04:00:00+00:00,101.165,104.12,99.58,102.25,74793087.0,560800.0,101.753968
AMD,2023-08-28 04:00:00+00:00,103.47,104.07,100.8944,102.61,55393720.0,356083.0,102.33837
AMD,2023-08-29 04:00:00+00:00,102.11,106.57,101.79,105.92,50859694.0,387384.0,105.162723
AMD,2023-08-30 04:00:00+00:00,105.402,107.67,104.5,106.59,54848818.0,350493.0,106.319795
AMD,2023-08-31 04:00:00+00:00,106.19,108.06,104.86,105.72,58923640.0,357631.0,106.183306
AMD,2023-09-01 04:00:00+00:00,107.0,110.06,106.61,109.45,54856150.0,414464.0,108.684847
AMD,2023-09-05 04:00:00+00:00,109.0,111.82,106.3,110.78,66044415.0,442496.0,109.608947
AMD,2023-09-06 04:00:00+00:00,110.56,111.33,108.22,109.28,47739907.0,324922.0,109.46281
AMD,2023-09-07 04:00:00+00:00,106.14,107.69,105.09,106.59,49082704.0,348288.0,106.660596
AMD,2023-09-08 04:00:00+00:00,107.02,109.737,105.75,106.09,46271560.0,317010.0,107.498543
AMD,2023-09-11 04:00:00+00:00,107.315,107.51,103.0,105.32,50614359.0,389949.0,104.270044
AMD,2023-09-12 04:00:00+00:00,104.2,106.74,103.18,105.31,44414635.0,304392.0,105.394805
AMD,2023-09-13 04:00:00+00:00,105.1,108.74,104.83,107.71,44706061.0,309294.0,107.434497
AMD,2023-09-14 04:00:00+00:00,108.43,109.1494,106.2212,106.63,45927221.0,295399.0,107.285423
AMD,2023-09-15 04:00:00+00:00,106.07,106.76,101.28,101.49,71103617.0,487664.0,102.658868
AMD,2023-09-18 04:00:00+00:00,100.815,102.99,99.45,102.37,49062357.0,351090.0,101.660436
AMD,2023-09-19 04:00:00+00:00,101.75,102.8582,100.7,101.61,41708705.0,271671.0,101.792894
AMD,2023-09-20 04:00:00+00:00,102.36,103.94,100.28,100.34,55191036.0,343361.0,102.029265
AMD,2023-09-21 04:00:00+00:00,98.6,98.87,95.84,96.11,59709644.0,443414.0,96.940113
AMD,2023-09-22 04:00:00+00:00,96.92,98.42,95.61,96.2,52169397.0,348641.0,96.960001
AMD,2023-09-25 04:00:00+00:00,95.95,97.45,94.46,97.38,43232016.0,297088.0,96.422116
AMD,2023-09-26 04:00:00+00:00,96.5,97.83,95.27,95.96,42869528.0,289504.0,96.284283
AMD,2023-09-27 04:00:00+00:00,96.82,99.23,96.35,98.07,51270727.0,337744.0,97.770839
AMD,2023-09-28 04:00:00+00:00,97.94,104.2,97.76,102.76,72759385.0,498007.0,102.121585
AMD,2023-09-29 04:00:00+00:00,104.69,104.94,102.56,102.82,56080546.0,363509.0,103.577434
AMD,2023-10-02 04:00:00+00:00,102.21,103.71,101.7,103.27,45122441.0,300093.0,102.67948
AMD,2023-10-03 04:00:00+00:00,101.7963,103.29,99.17,100.08,48121371.0,330905.0,100.877172
AMD,2023-10-04 04:00:00+00:00,100.65,104.4,100.34,104.07,51025725.0,339598.0,102.40819
AMD,2023-10-05 04:00:00+00:00,103.405,103.74,100.27,102.91,51793622.0,334062.0,102.097855
AMD,2023-10-06 04:00:00+00:00,102.16,107.87,102.03,107.24,64864078.0,438451.0,105.71212
AMD,2023-10-09 04:00:00+00:00,106.01,107.31,104.79,106.97,39595068.0,269213.0,106.114555
AMD,2023-10-10 04:00:00+00:00,107.49,110.12,106.4,109.01,57108708.0,372447.0,108.641159
AMD,2023-10-11 04:00:00+00:00,109.14,110.1,106.93,108.31,51088056.0,317530.0,108.294587
AMD,2023-10-12 04:00:00+00:00,108.4,111.31,107.5101,108.79,60966765.0,390735.0,109.545358
AMD,2023-10-13 04:00:00+00:00,108.65,108.97,104.75,105.09,52925933.0,394983.0,106.103952
AMD,2023-10-16 04:00:00+00:00,105.42,107.48,105.03,106.46,42466060.0,270468.0,106.610388
AMD,2023-10-17 04:00:00+00:00,103.54,106.29,101.6601,105.14,49644633.0,358182.0,104.612346
AMD,2023-10-18 04:00:00+00:00,103.38,104.78,101.74,102.17,50459472.0,342288.0,102.993829
AMD,2023-10-19 04:00:00+00:00,103.81,105.6,101.84,102.4,52740323.0,356669.0,103.616737
AMD,2023-10-20 04:00:00+00:00,102.28,104.34,101.44,101.81,61317928.0,359696.0,102.427953
AMD,2023-10-23 04:00:00+00:00,100.812,102.42,99.315,100.01,50826253.0,356425.0,101.050017
AMD,2023-10-24 04:00:00+00:00,100.97,101.7899,99.38,101.67,51992383.0,338311.0,100.544337
AMD,2023-10-25 04:00:00+00:00,100.42,101.03,95.23,96.055,53473869.0,437092.0,97.471169
AMD,2023-10-26 04:00:00+00:00,95.99,97.52,93.115,93.67,49926131.0,379763.0,94.584475
AMD,2023-10-27 04:00:00+00:00,95.8,97.35,94.59,96.43,52458654.0,389439.0,96.237512
AMD,2023-10-30 04:00:00+00:00,96.14,97.04,94.7,96.18,43720291.0,308543.0,95.871951
AMD,2023-10-31 04:00:00+00:00,96.235,98.8188,94.07,98.5,79791888.0,517885.0,97.116623
AMD,2023-11-01 04:00:00+00:00,98.58,108.15,98.5,108.04,138666490.0,958153.0,105.268661
AMD,2023-11-02 04:00:00+00:00,107.96,109.405,105.91,107.83,71389101.0,470711.0,107.815081
AMD,2023-11-03 04:00:00+00:00,109.05,113.39,107.86,112.25,65632200.0,442799.0,111.26272
AMD,2023-11-06 05:00:00+00:00,112.6,113.08,110.22,111.75,49284351.0,338423.0,111.495594
AMD,2023-11-07 05:00:00+00:00,111.86,114.65,111.22,113.45,50557828.0,352332.0,113.346671
AMD,2023-11-08 05:00:00+00:00,113.55,115.3166,112.88,113.59,41882630.0,303729.0,113.751804
AMD,2023-11-09 05:00:00+00:00,114.095,115.81,113.06,113.49,61151476.0,426030.0,114.38285
AMD,2023-11-10 05:00:00+00:00,114.35,119.7,114.03,118.59,75204074.0,524904.0,117.962925
AMD,2023-11-13 05:00:00+00:00,118.34,118.68,116.0,116.79,46743898.0,380219.0,116.86597
AMD,2023-11-14 05:00:00+00:00,119.7,122.11,119.22,119.88,61024694.0,458139.0,120.542023
AMD,2023-11-15 05:00:00+00:00,120.54,120.59,116.8701,118.0,59564827.0,470807.0,118.39367
AMD,2023-11-16 05:00:00+00:00,117.2,120.726,116.41,119.83,49722839.0,364042.0,119.464035
AMD,2023-11-17 05:00:00+00:00,119.64,121.49,118.82,120.62,38538696.0,289496.0,120.401394
AMD,2023-11-20 05:00:00+00:00,120.7,121.93,120.07,121.53,43180845.0,271905.0,121.219587
AMD,2023-11-21 05:00:00+00:00,120.54,120.65,117.94,119.16,41081746.0,312706.0,119.04201
AMD,2023-11-22 05:00:00+00:00,120.0,124.7623,119.9516,122.51,56896576.0,438172.0,122.938909
AMD,2023-11-24 05:00:00+00:00,122.03,123.25,121.54,122.31,19001007.0,149537.0,122.491827
AMD,2023-11-27 05:00:00+00:00,122.07,123.89,121.772,122.65,32753129.0,237980.0,123.012938
AMD,2023-11-28 05:00:00+00:00,121.98,122.54,120.79,122.01,32047755.0,240280.0,121.727082
AMD,2023-11-29 05:00:00+00:00,123.98,125.725,123.48,123.85,37877877.0,292438.0,124.599677
AMD,2023-11-30 05:00:00+00:00,123.61,124.05,119.65,121.16,45190916.0,306116.0,121.082187
AMD,2023-12-01 05:00:00+00:00,119.88,121.4001,118.645,121.39,37048004.0,293117.0,120.420011
AMD,2023-12-04 05:00:00+00:00,119.75,119.9,116.37,118.57,39862194.0,309426.0,118.057705
AMD,2023-12-05 05:00:00+00:00,117.43,118.49,116.45,118.38,39204169.0,293411.0,117.693587
AMD,2023-12-06 05:00:00+00:00,120.69,122.8313,116.38,116.82,60645149.0,468943.0,118.923086
AMD,2023-12-07 05:00:00+00:00,120.785,128.68,119.56,128.37,118625001.0,855810.0,125.488458
AMD,2023-12-08 05:00:00+00:00,129.54,131.0,126.89,128.92,89341014.0,618257.0,128.886686
AMD,2023-12-11 05:00:00+00:00,130.56,135.04,128.25,134.41,98693556.0,679566.0,133.106793
AMD,2023-12-12 05:00:00+00:00,132.25,139.89,131.9,137.61,111689767.0,744860.0,136.963065
AMD,2023-12-13 05:00:00+00:00,137.97,139.24,136.0303,138.19,70652106.0,505733.0,137.56057
AMD,2023-12-14 05:00:00+00:00,138.89,141.82,135.725,138.0,76122057.0,560499.0,138.76737
AMD,2023-12-15 05:00:00+00:00,139.52,140.89,137.25,139.15,70211895.0,457546.0,139.139012
AMD,2023-12-18 05:00:00+00:00,139.15,139.79,137.65,138.9,45203532.0,335884.0,138.793852
AMD,2023-12-19 05:00:00+00:00,138.57,143.47,138.555,140.15,63748373.0,436916.0,140.56606
AMD,2023-12-20 05:00:00+00:00,139.0,139.58,135.37,135.47,54683662.0,409245.0,137.622069
AMD,2023-12-21 05:00:00+00:00,138.14,139.98,137.38,139.91,47185941.0,364470.0,138.929522
AMD,2023-12-22 05:00:00+00:00,140.48,140.7,138.31,139.6,35396582.0,281115.0,139.671057
AMD,2023-12-26 05:00:00+00:00,140.07,143.85,139.92,143.41,47160173.0,312116.0,142.378944
AMD,2023-12-27 05:00:00+00:00,144.72,146.25,143.18,146.07,49040050.0,362019.0,144.935642
AMD,2023-12-28 05:00:00+00:00,146.8,150.41,145.9506,148.76,63805720.0,413960.0,148.890044
AMD,2023-12-29 05:00:00+00:00,149.5,151.05,147.2,147.41,62079185.0,430312.0,148.768804
AMD,2024-01-02 05:00:00+00:00,144.28,144.4,137.43,138.58,64914120.0,559199.0,139.582126
AMD,2024-01-03 05:00:00+00:00,135.71,137.43,133.7413,135.32,61992887.0,491455.0,135.263861
AMD,2024-01-04 05:00:00+00:00,134.3,137.7,134.0,136.01,58617278.0,421164.0,136.480433
AMD,2024-01-05 05:00:00+00:00,136.78,141.01,136.4377,138.58,69657676.0,443633.0,139.071856
AMD,2024-01-08 05:00:00+00:00,140.36,147.15,140.15,146.18,71766293.0,508823.0,144.938516
AMD,2024-01-09 05:00:00+00:00,145.95,149.86,145.08,149.26,67880658.0,490088.0,148.11997
AMD,2024-01-10 05:00:00+00:00,150.07,150.88,146.65,148.54,56959387.0,413372.0,148.256978
AMD,2024-01-11 05:00:00+00:00,148.52,150.38,143.69,148.02,62775124.0,460174.0,146.829652
AMD,2024-01-12 05:00:00+00:00,148.04,148.75,145.0,146.56,48293089.0,338848.0,146.529454
AMD,2024-01-16 05:00:00+00:00,150.36,159.715,149.98,158.74,112743834.0,882518.0,156.789022
AMD,2024-01-17 05:00:00+00:00,158.45,160.64,154.4,160.17,104098665.0,770222.0,157.870709
AMD,2024-01-18 05:00:00+00:00,166.2,168.6,158.22,162.67,131902510.0,952343.0,163.075852
AMD,2024-01-19 05:00:00+00:00,165.8,174.25,162.2,174.23,140367915.0,982893.0,168.267606
AMD,2024-01-22 05:00:00+00:00,174.39,174.72,164.15,168.18,122988722.0,1000442.0,168.085643
AMD,2024-01-23 05:00:00+00:00,166.5,169.6299,164.27,168.42,76875813.0,598636.0,167.879055
AMD,2024-01-24 05:00:00+00:00,172.55,180.58,170.56,178.29,125547120.0,969259.0,177.47626
AMD,2024-01-25 05:00:00+00:00,183.41,184.92,177.63,180.33,127242169.0,1033120.0,181.298377
AMD,2024-01-26 05:00:00+00:00,175.29,181.23,174.15,177.25,107381172.0,830791.0,177.825163
AMD,2024-01-29 05:00:00+00:00,178.77,178.885,174.4,177.83,89384452.0,728174.0,176.351294
AMD,2024-01-30 05:00:00+00:00,176.13,178.48,169.52,172.06,122265577.0,1063616.0,173.921121
AMD,2024-01-31 05:00:00+00:00,165.74,171.3,162.5602,167.69,133197264.0,1097272.0,167.25143
AMD,2024-02-01 05:00:00+00:00,169.27,171.14,165.86,170.48,91576685.0,681908.0,168.651348
AMD,2024-02-02 05:00:00+00:00,173.79,179.0,173.05,177.66,82134266.0,754735.0,176.979432
AMD,2024-02-05 05:00:00+00:00,179.09,180.01,171.11,174.23,76349244.0,625350.0,174.552868
AMD,2024-02-06 05:00:00+00:00,173.15,173.88,165.5,167.88,68854127.0,618796.0,168.043386
AMD,2024-02-07 05:00:00+00:00,169.47,172.97,168.2,170.94,53665418.0,443334.0,170.533826
AMD,2024-02-08 05:00:00+00:00,170.33,172.17,168.6,169.35,43385275.0,403893.0,170.179908
AMD,2024-02-09 05:00:00+00:00,171.0,175.1,168.6601,172.48,56375713.0,466068.0,172.319546
AMD,2024-02-12 05:00:00+00:00,172.68,177.405,170.67,171.91,58177053.0,548333.0,174.452132
AMD,2024-02-13 05:00:00+00:00,167.94,173.17,164.3,171.54,63071311.0,601190.0,170.406977
AMD,2024-02-14 05:00:00+00:00,173.47,178.74,172.88,178.7,57402522.0,556501.0,176.468373
AMD,2024-02-15 05:00:00+00:00,179.14,180.5,175.26,176.76,51126437.0,474227.0,177.070508
AMD,2024-02-16 05:00:00+00:00,177.45,180.3301,173.25,173.87,53940342.0,490114.0,175.624169
AMD,2024-02-20 05:00:00+00:00,171.14,171.81,162.0,165.69,66549992.0,697006.0,164.982518
AMD,2024-02-21 05:00:00+00:00,162.74,164.9,161.81,164.29,48774556.0,483937.0,163.384719
AMD,2024-02-22 05:00:00+00:00,173.2,183.83,172.0,181.86,100684733.0,958680.0,180.537774
AMD,2024-02-23 05:00:00+00:00,181.86,183.8,174.55,176.52,69207367.0,661272.0,177.49043
AMD,2024-02-26 05:00:00+00:00,178.78,179.84,174.81,176.01,45435093.0,437287.0,176.714775
AMD,2024-02-27 05:00:00+00:00,175.92,178.46,172.49,178.0,43668200.0,417027.0,176.763846
AMD,2024-02-28 05:00:00+00:00,176.25,176.84,173.59,176.54,35914414.0,354430.0,175.621624
AMD,2024-02-29 05:00:00+00:00,179.82,193.0,179.82,192.53,105538483.0,938546.0,187.966355
AMD,2024-03-01 05:00:00+00:00,197.91,202.72,195.42,202.64,103820773.0,961935.0,199.791828
AMD,2024-03-04 05:00:00+00:00,205.16,211.01,203.5,205.36,86835338.0,836663.0,207.809901
AMD,2024-03-05 05:00:00+00:00,200.5,205.33,199.15,205.13,65407112.0,664027.0,202.414352
AMD,2024-03-06 05:00:00+00:00,210.43,214.8109,207.32,210.63,86686987.0,776247.0,210.848777
AMD,2024-03-07 05:00:00+00:00,212.52,213.83,208.22,211.38,63869038.0,620517.0,211.085574
AMD,2024-03-08 05:00:00+00:00,213.41,227.3,205.6,207.39,120815222.0,1110430.0,214.408506
AMD,2024-03-11 04:00:00+00:00,203.01,203.55,196.701,198.39,73098616.0,778013.0,199.797328
AMD,2024-03-12 04:00:00+00:00,200.52,202.8499,194.27,202.76,68951657.0,664420.0,199.862631
AMD,2024-03-13 04:00:00+00:00,198.73,198.83,192.7001,194.79,70526879.0,703703.0,195.128305
AMD,2024-03-14 04:00:00+00:00,192.92,196.93,184.03,187.06,84490526.0,757436.0,189.870522
AMD,2024-03-15 04:00:00+00:00,184.83,193.7999,184.48,191.06,95289509.0,726524.0,191.131999
AMD,2024-03-18 04:00:00+00:00,193.285,193.5,188.05,190.65,59306865.0,537242.0,191.316871
AMD,2024-03-19 04:00:00+00:00,183.16,185.6127,177.3602,181.42,83509459.0,799656.0,180.445324
AMD,2024-03-20 04:00:00+00:00,182.03,182.68,174.0,179.73,81773114.0,756119.0,177.984928
AMD,2024-03-21 04:00:00+00:00,185.97,187.69,177.66,178.68,75265596.0,640844.0,180.702248
AMD,2024-03-22 04:00:00+00:00,177.21,180.76,175.05,179.65,57899071.0,529751.0,178.018246
AMD,2024-03-25 04:00:00+00:00,172.9,182.8,172.0,178.63,71935313.0,637330.0,179.228425
AMD,2024-03-26 04:00:00+00:00,179.54,182.5983,176.33,177.87,65322445.0,566860.0,179.505906
AMD,2024-03-27 04:00:00+00:00,179.96,181.23,175.4,179.59,55685645.0,469617.0,177.999472
AMD,2024-03-28 04:00:00+00:00,179.47,183.4,178.3,180.49,57628614.0,457671.0,181.240262
AMD,2024-04-01 04:00:00+00:00,180.1,187.24,179.9,183.34,74299905.0,582868.0,183.619115
AMD,2024-04-02 04:00:00+00:00,179.47,180.1,174.83,178.7,61598817.0,533494.0,176.771808
AMD,2024-04-03 04:00:00+00:00,177.54,182.05,176.7,180.77,49835064.0,426058.0,180.714304
AMD,2024-04-04 04:00:00+00:00,182.92,183.02,165.65,165.83,88279957.0,785553.0,173.834891
AMD,2024-04-05 04:00:00+00:00,168.1,172.69,165.58,170.42,66080261.0,587122.0,170.396496
AMD,2024-04-08 04:00:00+00:00,168.2,171.6599,166.82,169.9,43997546.0,423551.0,169.652328
AMD,2024-04-09 04:00:00+00:00,170.21,171.6,167.29,170.78,42927985.0,399563.0,169.382987
AMD,2024-04-10 04:00:00+00:00,166.71,169.7752,164.0,167.14,59599958.0,560173.0,166.533464
AMD,2024-04-11 04:00:00+00:00,167.545,170.9499,166.5492,170.5,48994531.0,431701.0,169.346947
AMD,2024-04-12 04:00:00+00:00,164.53,165.7,161.825,163.28,63433833.0,583940.0,163.439135
AMD,2024-04-15 04:00:00+00:00,164.43,164.44,158.76,160.32,61461150.0,543834.0,161.580453
AMD,2024-04-16 04:00:00+00:00,162.28,164.8799,161.67,163.46,55302100.0,504427.0,163.357876
AMD,2024-04-17 04:00:00+00:00,163.97,164.45,153.88,154.02,75908969.0,646783.0,157.696926
AMD,2024-04-18 04:00:00+00:00,155.51,156.96,152.32,155.08,52669816.0,513832.0,155.017218
AMD,2024-04-19 04:00:00+00:00,151.59,154.25,145.29,146.64,71618197.0,677663.0,149.19575
AMD,2024-04-22 04:00:00+00:00,148.15,149.89,145.63,148.64,49859635.0,416789.0,147.89211
AMD,2024-04-23 04:00:00+00:00,151.65,153.495,150.35,152.27,46051911.0,401344.0,152.422593
AMD,2024-04-24 04:00:00+00:00,156.56,157.6598,150.63,151.74,43412550.0,407229.0,152.98094
AMD,2024-04-25 04:00:00+00:00,149.15,155.14,146.75,153.76,41471423.0,395813.0,152.605719
AMD,2024-04-26 04:00:00+00:00,154.24,158.63,153.4252,157.4,42510708.0,406793.0,157.103637
AMD,2024-04-29 04:00:00+00:00,159.08,160.77,156.26,160.2,43478221.0,441481.0,159.342524
AMD,2024-04-30 04:00:00+00:00,160.63,162.29,158.35,158.38,60742834.0,588508.0,160.263426
AMD,2024-05-01 04:00:00+00:00,148.11,151.37,142.14,144.27,89413168.0,928448.0,145.899062
AMD,2024-05-02 04:00:00+00:00,145.51,147.62,141.155,146.16,50034730.0,498961.0,144.629457
AMD,2024-05-03 04:00:00+00:00,148.75,150.79,147.2384,150.6,49361081.0,430924.0,149.432057
AMD,2024-05-06 04:00:00+00:00,153.1,156.65,151.26,155.78,44624546.0,397315.0,154.991957
AMD,2024-05-07 04:00:00+00:00,156.32,157.7,153.66,154.43,37374906.0,345893.0,155.488008
AMD,2024-05-08 04:00:00+00:00,153.4,155.33,152.52,153.62,28727963.0,264758.0,153.742493
AMD,2024-05-09 04:00:00+00:00,153.13,154.092,150.61,152.39,33017962.0,291748.0,152.33323
AMD,2024-05-10 04:00:00+00:00,154.2874,156.37,151.31,151.92,37652770.0,352707.0,152.963792
AMD,2024-05-13 04:00:00+00:00,151.28,153.33,150.4,150.56,27859183.0,289375.0,152.027328
AMD,2024-05-14 04:00:00+00:00,150.43,153.4879,148.78,153.16,31938277.0,316830.0,151.955565
AMD,2024-05-15 04:00:00+00:00,155.588,159.69,154.7,159.67,43195901.0,429503.0,157.792347
AMD,2024-05-16 04:00:00+00:00,160.92,168.06,159.9,162.62,76726728.0,655197.0,164.59746
AMD,2024-05-17 04:00:00+00:00,168.43,169.72,162.32,164.47,65944362.0,562946.0,165.562115
AMD,2024-05-20 04:00:00+00:00,165.55,168.49,164.47,166.33,45618044.0,409078.0,166.522309
AMD,2024-05-21 04:00:00+00:00,164.0,165.83,163.1,164.66,30005478.0,310289.0,164.497365
AMD,2024-05-22 04:00:00+00:00,167.41,169.8148,163.86,165.52,47426719.0,444265.0,166.596816
AMD,2024-05-23 04:00:00+00:00,170.18,173.14,158.27,160.43,91888841.0,818274.0,163.474303
AMD,2024-05-24 04:00:00+00:00,161.412,167.66,160.25,166.36,54868646.0,477097.0,165.342792
AMD,2024-05-28 04:00:00+00:00,169.42,174.55,164.96,171.61,66495414.0,590760.0,171.002438
AMD,2024-05-29 04:00:00+00:00,167.46,168.48,162.91,165.14,56537503.0,545832.0,165.442787
AMD,2024-05-30 04:00:00+00:00,167.9,168.7469,163.8,166.75,46479934.0,414781.0,166.478133
AMD,2024-05-31 04:00:00+00:00,166.65,169.5,160.07,166.9,64331946.0,513674.0,164.708103
AMD,2024-06-03 04:00:00+00:00,170.82,171.08,160.9101,163.55,59157590.0,601234.0,164.531562
AMD,2024-06-04 04:00:00+00:00,162.84,164.83,158.8729,159.99,48157209.0,464192.0,161.022231
AMD,2024-06-05 04:00:00+00:00,162.07,167.12,161.38,166.17,60519494.0,543579.0,165.148388
AMD,2024-06-06 04:00:00+00:00,165.46,169.51,163.86,166.78,47153676.0,454745.0,167.019734
AMD,2024-06-07 04:00:00+00:00,166.59,169.45,165.86,167.87,44795998.0,390769.0,167.679242
AMD,2024-06-10 04:00:00+00:00,162.48,165.55,159.61,160.34,67575627.0,664763.0,161.806024
AMD,2024-06-11 04:00:00+00:00,160.5,161.54,156.92,158.96,40497092.0,432781.0,158.709672
AMD,2024-06-12 04:00:00+00:00,160.32,162.24,158.62,160.24,48325813.0,472054.0,160.448327
AMD,2024-06-13 04:00:00+00:00,160.4,162.66,157.31,159.9,44442511.0,438697.0,159.464534
AMD,2024-06-14 04:00:00+00:00,158.5,161.3399,157.61,159.63,34054023.0,349643.0,159.342646
AMD,2024-06-17 04:00:00+00:00,158.0,159.23,154.135,158.4,44507742.0,466561.0,156.674952
AMD,2024-06-18 04:00:00+00:00,156.99,157.24,153.34,154.63,51852033.0,500906.0,154.920587
AMD,2024-06-20 04:00:00+00:00,155.825,166.82,155.5,161.78,93245732.0,822602.0,162.53636
AMD,2024-06-21 04:00:00+00:00,161.75,163.2,157.89,161.23,61334699.0,437513.0,161.04181
AMD,2024-06-24 04:00:00+00:00,159.75,163.4,158.19,160.25,45954054.0,424419.0,160.93509
AMD,2024-06-25 04:00:00+00:00,160.73,161.0,156.45,160.25,40975277.0,387552.0,158.698078
AMD,2024-06-26 04:00:00+00:00,160.6,160.74,156.0,157.54,36973440.0,350609.0,157.73321
AMD,2024-06-27 04:00:00+00:00,157.18,160.61,156.81,159.47,34018216.0,322846.0,158.932951
AMD,2024-06-28 04:00:00+00:00,160.23,166.45,159.41,162.21,56137943.0,455830.0,163.044843
AMD,2024-07-01 04:00:00+00:00,161.25,161.5068,153.64,157.69,50436691.0,531158.0,156.327909
AMD,2024-07-02 04:00:00+00:00,157.04,164.58,156.7,164.31,57838610.0,496457.0,160.777563
AMD,2024-07-03 04:00:00+00:00,164.2,165.26,162.51,163.9,26980906.0,268241.0,163.795912
AMD,2024-07-05 04:00:00+00:00,165.97,174.0396,165.68,171.9,61857052.0,594821.0,170.912694
AMD,2024-07-08 04:00:00+00:00,174.9,178.95,173.22,178.69,60223422.0,580297.0,176.110681
AMD,2024-07-09 04:00:00+00:00,177.97,180.41,174.7,177.1,43471169.0,450560.0,176.937124
AMD,2024-07-10 04:00:00+00:00,179.99,187.28,177.8,183.96,90246965.0,760292.0,183.195333
AMD,2024-07-11 04:00:00+00:00,184.07,187.11,177.25,181.94,59231412.0,573706.0,181.600801
AMD,2024-07-12 04:00:00+00:00,182.015,186.99,179.69,181.61,50827368.0,499607.0,184.17339
AMD,2024-07-15 04:00:00+00:00,184.45,185.5,178.54,179.83,42202726.0,460580.0,181.648526
AMD,2024-07-16 04:00:00+00:00,179.69,179.75,174.53,177.55,40633058.0,411713.0,176.62654
AMD,2024-07-17 04:00:00+00:00,169.8,169.8,159.37,159.43,76954198.0,921399.0,163.208618
AMD,2024-07-18 04:00:00+00:00,163.41,163.41,153.2,155.77,69420335.0,738413.0,156.522386
AMD,2024-07-19 04:00:00+00:00,154.86,155.81,150.62,151.58,47513063.0,519158.0,152.639994
AMD,2024-07-22 04:00:00+00:00,154.23,156.7,152.545,155.87,43912459.0,420949.0,154.982366
AMD,2024-07-23 04:00:00+00:00,154.95,157.05,153.8,154.0,31950579.0,338749.0,155.218125
AMD,2024-07-24 04:00:00+00:00,152.72,153.68,144.53,144.63,49203120.0,528623.0,147.853042
AMD,2024-07-25 04:00:00+00:00,144.07,144.75,136.81,138.32,60578529.0,642176.0,140.764676
AMD,2024-07-26 04:00:00+00:00,140.32,141.29,138.27,139.99,49435825.0,438215.0,139.866042
AMD,2024-07-29 04:00:00+00:00,141.19,144.585,138.75,139.75,47447194.0,410153.0,141.20861
AMD,2024-07-30 04:00:00+00:00,139.88,141.7,134.05,138.44,68801709.0,646329.0,137.946434
AMD,2024-07-31 04:00:00+00:00,150.73,153.603,140.03,144.48,114306763.0,953574.0,146.211108
AMD,2024-08-01 04:00:00+00:00,145.0,147.29,130.24,132.54,94731931.0,877192.0,136.193887
AMD,2024-08-02 04:00:00+00:00,133.5,137.1,131.33,132.5,78561997.0,802702.0,134.136465
AMD,2024-08-05 04:00:00+00:00,122.16,139.14,121.825,134.82,76089361.0,840778.0,134.014858
AMD,2024-08-06 04:00:00+00:00,135.15,136.44,129.1,130.18,64455613.0,635606.0,131.961503
AMD,2024-08-07 04:00:00+00:00,133.75,136.24,128.37,128.67,54676492.0,517600.0,132.694537
AMD,2024-08-08 04:00:00+00:00,131.97,136.48,128.94,136.32,49037454.0,462084.0,134.187585
AMD,2024-08-09 04:00:00+00:00,134.69,135.5,132.44,134.27,40582992.0,404209.0,134.02343
AMD,2024-08-12 04:00:00+00:00,134.44,137.99,133.23,136.77,39724343.0,347719.0,136.346643
AMD,2024-08-13 04:00:00+00:00,138.12,141.19,137.52,141.13,42218019.0,380874.0,140.057657
AMD,2024-08-14 04:00:00+00:00,143.0,143.25,137.64,140.75,35506434.0,334277.0,139.886738
AMD,2024-08-15 04:00:00+00:00,143.0,147.96,141.81,147.36,43582387.0,406665.0,146.007909
AMD,2024-08-16 04:00:00+00:00,145.7,149.3693,145.2,148.56,31123927.0,295101.0,148.212427
AMD,2024-08-19 04:00:00+00:00,148.43,155.365,147.72,155.28,60766854.0,544241.0,152.563059
AMD,2024-08-20 04:00:00+00:00,156.49,162.04,154.51,156.4,76851158.0,655896.0,157.773169
AMD,2024-08-21 04:00:00+00:00,156.12,158.65,155.07,157.81,42791246.0,366581.0,157.092799
AMD,2024-08-22 04:00:00+00:00,158.87,159.84,151.01,151.7,45737257.0,433802.0,154.317307
AMD,2024-08-23 04:00:00+00:00,153.6,156.4,151.83,154.98,43694642.0,388380.0,154.096673
AMD,2024-08-26 04:00:00+00:00,154.7,158.28,148.9101,149.99,49893259.0,445073.0,151.626221
AMD,2024-08-27 04:00:00+00:00,150.13,151.7,148.44,150.5,35102650.0,334955.0,150.147411
AMD,2024-08-28 04:00:00+00:00,149.4,150.43,144.72,146.36,34075823.0,361132.0,147.014479
AMD,2024-08-29 04:00:00+00:00,146.59,149.49,144.47,145.49,31602113.0,343370.0,147.194061
AMD,2024-08-30 04:00:00+00:00,147.52,148.99,145.25,148.56,31169069.0,286699.0,147.357942
AMD,2024-09-03 04:00:00+00:00,146.41,146.49,136.1,136.94,42172672.0,480897.0,139.703613
AMD,2024-09-04 04:00:00+00:00,140.505,143.37,138.51,140.87,42130648.0,431712.0,141.116523
AMD,2024-09-05 04:00:00+00:00,138.2,141.71,137.83,139.44,25023021.0,285314.0,139.739252
AMD,2024-09-06 04:00:00+00:00,138.7,139.13,132.1101,134.35,39993507.0,448514.0,134.373678
AMD,2024-09-09 04:00:00+00:00,136.1,138.445,134.86,138.15,27194508.0,302327.0,137.064703
AMD,2024-09-10 04:00:00+00:00,139.06,143.08,137.25,142.84,37217528.0,328017.0,140.460801
AMD,2024-09-11 04:00:00+00:00,145.325,150.16,140.71,149.86,50935390.0,469123.0,145.572009
AMD,2024-09-12 04:00:00+00:00,148.43,151.54,147.65,150.77,29286166.0,320599.0,149.981546
AMD,2024-09-13 04:00:00+00:00,152.32,153.03,150.7,152.31,25117241.0,270908.0,152.070762
AMD,2024-09-16 04:00:00+00:00,151.7,154.44,150.912,152.08,27677761.0,282916.0,152.304954
AMD,2024-09-17 04:00:00+00:00,153.55,154.045,149.225,150.82,29888994.0,306171.0,151.657033
AMD,2024-09-18 04:00:00+00:00,150.9,152.82,148.01,148.29,26320083.0,306478.0,150.004056
AMD,2024-09-19 04:00:00+00:00,153.81,159.25,152.77,156.74,44499983.0,449656.0,156.725743
AMD,2024-09-20 04:00:00+00:00,156.0,157.45,152.47,155.95,40248201.0,351443.0,154.997472
AMD,2024-09-23 04:00:00+00:00,156.445,157.19,154.97,156.75,21728542.0,232838.0,156.19832
AMD,2024-09-24 04:00:00+00:00,157.46,159.64,154.58,158.32,27531200.0,295370.0,157.598204
AMD,2024-09-25 04:00:00+00:00,158.5,162.95,158.18,162.02,35233264.0,369277.0,161.331535
AMD,2024-09-26 04:00:00+00:00,167.055,168.68,164.05,167.49,38044919.0,434827.0,166.763617
AMD,2024-09-27 04:00:00+00:00,167.48,168.7286,163.74,164.35,27876037.0,297735.0,165.668525
AMD,2024-09-30 04:00:00+00:00,163.1,165.08,162.18,164.08,21920300.0,252085.0,163.696897
AMD,2024-10-01 04:00:00+00:00,164.48,165.4,158.08,159.75,31831860.0,347496.0,160.488579
AMD,2024-10-02 04:00:00+00:00,159.31,163.1,158.6689,159.78,24630431.0,278246.0,160.847779
AMD,2024-10-03 04:00:00+00:00,159.71,166.7894,159.4,162.85,29598787.0,324908.0,163.654305
AMD,2024-10-04 04:00:00+00:00,166.533,171.21,164.42,170.9,44640296.0,471616.0,168.521604
AMD,2024-10-07 04:00:00+00:00,171.08,172.41,168.21,170.97,38379930.0,415127.0,170.364923
AMD,2024-10-08 04:00:00+00:00,171.75,173.6,170.0,172.8,34730152.0,362414.0,171.977426
AMD,2024-10-09 04:00:00+00:00,174.05,174.05,169.55,171.02,33890735.0,366659.0,170.930698
AMD,2024-10-10 04:00:00+00:00,169.76,172.01,162.0,164.18,75113590.0,676642.0,165.950752
AMD,2024-10-11 04:00:00+00:00,164.185,169.35,163.0101,167.89,42136175.0,430673.0,166.603045
AMD,2024-10-14 04:00:00+00:00,167.77,168.9,165.15,165.27,31757205.0,336756.0,166.610309
AMD,2024-10-15 04:00:00+00:00,163.21,164.13,155.74,156.64,50768024.0,607839.0,158.14107
AMD,2024-10-16 04:00:00+00:00,158.075,158.28,154.9159,156.13,30575773.0,324511.0,156.532491
AMD,2024-10-17 04:00:00+00:00,160.0,160.44,156.2,156.25,29491853.0,319487.0,157.772542
AMD,2024-10-18 04:00:00+00:00,157.41,158.01,155.56,155.97,23822985.0,247105.0,156.380116
AMD,2024-10-21 04:00:00+00:00,155.76,158.0,154.15,157.9,25781212.0,274907.0,156.365641
AMD,2024-10-22 04:00:00+00:00,156.6,156.74,151.91,154.09,34997352.0,377254.0,153.698693
AMD,2024-10-23 04:00:00+00:00,153.0,153.445,150.52,152.91,26095933.0,298394.0,152.242993
AMD,2024-10-24 04:00:00+00:00,154.74,155.19,152.35,153.44,22877016.0,265847.0,153.665243
AMD,2024-10-25 04:00:00+00:00,155.4,158.91,155.05,156.23,29758489.0,318365.0,157.167168
AMD,2024-10-28 04:00:00+00:00,158.5,160.28,157.045,159.92,36010134.0,352125.0,159.072572
AMD,2024-10-29 04:00:00+00:00,161.1,167.5099,158.94,166.25,71896038.0,697750.0,164.236474
AMD,2024-10-30 04:00:00+00:00,153.01,153.12,148.1,148.6,87701674.0,968062.0,150.141209
AMD,2024-10-31 04:00:00+00:00,147.8,148.68,143.33,144.07,44386597.0,550029.0,144.751923
AMD,2024-11-01 04:00:00+00:00,144.44,144.54,141.32,141.86,39027430.0,430158.0,142.422544
AMD,2024-11-04 05:00:00+00:00,141.7,143.64,139.72,140.71,29117421.0,330593.0,141.568748
AMD,2024-11-05 05:00:00+00:00,141.94,143.08,140.8,141.66,27067330.0,282585.0,141.771045
AMD,2024-11-06 05:00:00+00:00,144.95,145.625,141.52,145.1,32911499.0,376479.0,143.979076
AMD,2024-11-07 05:00:00+00:00,146.68,150.12,145.66,149.82,30326430.0,372355.0,148.774923
AMD,2024-11-08 05:00:00+00:00,149.39,150.71,147.525,147.95,27560342.0,319319.0,148.792689
AMD,2024-11-11 05:00:00+00:00,147.38,148.57,144.91,147.35,29868125.0,344335.0,146.511327
AMD,2024-11-12 05:00:00+00:00,147.0,147.45,141.5501,143.63,33560287.0,371677.0,143.884177
AMD,2024-11-13 05:00:00+00:00,142.86,144.49,139.07,139.3,35146648.0,402440.0,141.080501
AMD,2024-11-14 05:00:00+00:00,140.34,141.4,138.56,138.84,31681410.0,328265.0,139.643159
AMD,2024-11-15 05:00:00+00:00,136.575,137.35,133.65,134.9,44217530.0,471782.0,135.298614
AMD,2024-11-18 05:00:00+00:00,138.185,140.9,137.21,138.93,38788844.0,371936.0,139.443514
AMD,2024-11-19 05:00:00+00:00,137.41,139.75,137.14,139.39,23131352.0,254143.0,138.678389
AMD,2024-11-20 05:00:00+00:00,138.96,140.77,135.48,137.6,28920484.0,315975.0,137.080325
AMD,2024-11-21 05:00:00+00:00,138.87,140.2799,134.93,137.49,29311442.0,344816.0,137.213265
AMD,2024-11-22 05:00:00+00:00,137.35,139.13,137.04,138.35,21784728.0,248916.0,138.136147
AMD,2024-11-25 05:00:00+00:00,140.49,142.35,139.05,141.13,30923110.0,350967.0,140.888149
AMD,2024-11-26 05:00:00+00:00,142.55,142.8,136.62,137.72,32092378.0,366875.0,138.057655
AMD,2024-11-27 05:00:00+00:00,137.2,137.94,132.96,136.24,30175287.0,363766.0,135.046426
AMD,2024-11-29 05:00:00+00:00,136.24,138.5876,135.78,137.175,16085714.0,189516.0,137.522084
AMD,2024-12-02 05:00:00+00:00,137.915,142.82,137.8,142.06,33102438.0,369555.0,141.311733
AMD,2024-12-03 05:00:00+00:00,142.58,143.4495,141.0801,141.98,22665348.0,282886.0,142.009595
AMD,2024-12-04 05:00:00+00:00,142.96,144.12,141.18,143.99,25942650.0,291119.0,142.78443
AMD,2024-12-05 05:00:00+00:00,143.68,143.95,140.38,141.36,29576925.0,317577.0,141.837976
AMD,2024-12-06 05:00:00+00:00,141.48,142.7852,137.4,138.59,33576839.0,375340.0,139.933341
AMD,2024-12-09 05:00:00+00:00,135.71,135.77,130.0,130.87,57055558.0,712825.0,132.213712
AMD,2024-12-10 05:00:00+00:00,131.56,131.56,127.07,127.74,38907198.0,526889.0,128.752048
AMD,2024-12-11 05:00:00+00:00,128.52,131.21,126.2201,130.15,45588138.0,492613.0,128.866496
AMD,2024-12-12 05:00:00+00:00,130.0,132.32,129.07,130.6,34267091.0,383301.0,130.494722
AMD,2024-12-13 05:00:00+00:00,131.3,131.3,124.77,126.91,67544738.0,737018.0,126.908701
AMD,2024-12-16 05:00:00+00:00,126.01,127.76,123.12,126.69,42090277.0,498181.0,125.953574
AMD,2024-12-17 05:00:00+00:00,124.45,127.08,123.15,125.02,43314939.0,486854.0,124.875201
AMD,2024-12-18 05:00:00+00:00,125.43,127.75,120.43,121.41,49724442.0,514302.0,124.578591
AMD,2024-12-19 05:00:00+00:00,122.16,123.38,118.45,118.88,46160667.0,553012.0,120.032635
AMD,2024-12-20 05:00:00+00:00,118.0,121.86,117.9,119.21,53591212.0,451397.0,119.761748
AMD,2024-12-23 05:00:00+00:00,120.71,126.3387,120.47,124.6,47777898.0,489983.0,124.568604
AMD,2024-12-24 05:00:00+00:00,127.51,127.51,124.66,126.29,24829564.0,267644.0,125.835745
AMD,2024-12-26 05:00:00+00:00,125.52,127.2999,125.05,125.06,25139138.0,265746.0,125.839473
AMD,2024-12-27 05:00:00+00:00,124.37,126.18,122.26,125.19,32924011.0,350551.0,124.52299
AMD,2024-12-30 05:00:00+00:00,123.562,124.1,122.35,122.44,30501637.0,335514.0,123.00292
AMD,2024-12-31 05:00:00+00:00,123.1,123.55,120.138,120.79,30203428.0,340483.0,121.373637
AMD,2025-01-02 05:00:00+00:00,122.29,123.14,119.44,120.63,34256182.0,368989.0,121.200341
AMD,2025-01-03 05:00:00+00:00,121.65,125.56,121.42,125.37,36785299.0,363394.0,123.924239
AMD,2025-01-06 05:00:00+00:00,129.07,130.73,127.36,129.55,48020190.0,511143.0,129.489075
AMD,2025-01-07 05:00:00+00:00,130.51,131.71,126.8537,127.33,39220408.0,401430.0,128.697246
AMD,2025-01-08 05:00:00+00:00,124.51,125.3,120.1201,121.84,46723136.0,518866.0,121.881276
AMD,2025-01-10 05:00:00+00:00,118.18,118.71,114.4501,116.04,59415614.0,718055.0,115.801499
AMD,2025-01-13 05:00:00+00:00,115.28,117.48,114.41,117.32,39128897.0,410944.0,116.102524
AMD,2025-01-14 05:00:00+00:00,118.0,118.66,114.5,116.09,37005279.0,416157.0,115.899015
AMD,2025-01-15 05:00:00+00:00,117.55,120.42,117.46,119.96,38185819.0,356624.0,119.305069
AMD,2025-01-16 05:00:00+00:00,120.24,121.09,118.25,118.44,29414126.0,314732.0,119.068171
AMD,2025-01-17 05:00:00+00:00,120.78,122.74,120.55,121.46,35765924.0,322522.0,121.388298
AMD,2025-01-21 05:00:00+00:00,122.39,123.75,121.1201,122.28,31578832.0,331121.0,122.588156
AMD,2025-01-22 05:00:00+00:00,123.08,125.65,121.912,123.75,35023842.0,352891.0,123.967462
AMD,2025-01-23 05:00:00+00:00,121.425,123.71,120.63,123.04,24921108.0,263828.0,122.770562
AMD,2025-01-24 05:00:00+00:00,124.55,125.25,122.23,122.84,31570300.0,310238.0,123.429268
AMD,2025-01-27 05:00:00+00:00,117.8,118.08,112.8,115.01,61067888.0,783173.0,115.497257
AMD,2025-01-28 05:00:00+00:00,115.175,116.15,112.95,114.17,40554760.0,462759.0,114.176597
AMD,2025-01-29 05:00:00+00:00,115.77,118.52,114.96,117.35,40199052.0,405513.0,117.069141
AMD,2025-01-30 05:00:00+00:00,118.53,120.44,117.09,118.86,29788383.0,326024.0,118.690731
AMD,2025-01-31 05:00:00+00:00,119.14,119.565,115.33,115.95,40533565.0,448246.0,117.393703
AMD,2025-02-03 05:00:00+00:00,113.875,115.16,112.98,114.27,34549339.0,399448.0,114.110203
AMD,2025-02-04 05:00:00+00:00,115.45,119.85,114.79,119.5,69290824.0,754698.0,117.827684
AMD,2025-02-05 05:00:00+00:00,107.61,112.09,106.5,112.01,110609343.0,1059265.0,109.248185
AMD,2025-02-06 05:00:00+00:00,110.93,112.56,109.02,110.16,50426590.0,481866.0,110.166562
AMD,2025-02-07 05:00:00+00:00,109.13,109.92,106.79,107.56,45919735.0,473940.0,107.902665
AMD,2025-02-10 05:00:00+00:00,108.44,111.4,108.15,110.48,34891732.0,367309.0,110.277491
AMD,2025-02-11 05:00:00+00:00,108.98,113.07,108.94,111.1,35033759.0,311400.0,111.44678
AMD,2025-02-12 05:00:00+00:00,109.52,111.8356,109.0649,111.72,25319729.0,272668.0,110.655957
AMD,2025-02-13 05:00:00+00:00,112.0,114.6,110.4,111.81,40911804.0,415424.0,112.416779
AMD,2025-02-14 05:00:00+00:00,112.65,114.63,111.7,113.1,32477159.0,325369.0,113.190766
AMD,2025-02-18 05:00:00+00:00,114.05,115.55,113.45,114.28,31720307.0,352042.0,114.151295
AMD,2025-02-19 05:00:00+00:00,114.245,116.11,113.14,114.69,28767271.0,290380.0,114.769663
AMD,2025-02-20 05:00:00+00:00,115.01,116.55,113.105,114.17,27219565.0,294033.0,114.23372
AMD,2025-02-21 05:00:00+00:00,114.845,115.76,110.43,110.84,41353683.0,403218.0,112.494625
AMD,2025-02-24 05:00:00+00:00,111.49,111.6,107.98,108.11,29072208.0,338033.0,109.14246
AMD,2025-02-25 05:00:00+00:00,107.885,108.64,103.62,103.96,39169161.0,474390.0,105.41169
AMD,2025-02-26 05:00:00+00:00,104.945,105.7999,103.99,104.74,29178213.0,326298.0,104.811516
AMD,2025-02-27 05:00:00+00:00,105.08,105.76,99.5,99.51,47263727.0,479056.0,101.736441
AMD,2025-02-28 05:00:00+00:00,99.56,101.8,98.69,99.86,45194576.0,435277.0,99.941357
AMD,2025-03-03 05:00:00+00:00,101.515,102.34,97.09,98.23,38957988.0,437596.0,99.623884
AMD,2025-03-04 05:00:00+00:00,96.0,103.18,95.89,100.75,54156941.0,552610.0,99.285013
AMD,2025-03-05 05:00:00+00:00,100.36,101.84,98.87,101.67,27855488.0,297610.0,100.635924
AMD,2025-03-06 05:00:00+00:00,99.05,101.08,98.27,98.85,28984978.0,333068.0,99.320096
AMD,2025-03-07 05:00:00+00:00,98.88,100.65,96.39,100.31,33254367.0,381051.0,98.930162
AMD,2025-03-10 04:00:00+00:00,98.57,101.29,95.83,96.63,38733186.0,435545.0,97.942835
AMD,2025-03-11 04:00:00+00:00,96.79,98.1599,94.73,96.76,34078300.0,387306.0,96.801404
AMD,2025-03-12 04:00:00+00:00,99.045,101.715,98.17,100.79,34241287.0,367548.0,100.246857
AMD,2025-03-13 04:00:00+00:00,99.715,100.07,97.27,98.11,28575150.0,304948.0,98.539208
AMD,2025-03-14 04:00:00+00:00,99.64,101.22,99.58,100.97,24715265.0,266528.0,100.529947
AMD,2025-03-17 04:00:00+00:00,102.6,106.15,102.6,104.59,43689523.0,419910.0,105.058103
AMD,2025-03-18 04:00:00+00:00,103.85,104.55,102.97,103.51,27152827.0,285121.0,103.653466
AMD,2025-03-19 04:00:00+00:00,104.42,107.9,101.96,106.23,32287496.0,334183.0,105.284388
AMD,2025-03-20 04:00:00+00:00,105.12,108.26,105.12,107.14,26871839.0,267192.0,107.085494
AMD,2025-03-21 04:00:00+00:00,105.33,107.25,104.33,106.44,30767938.0,243487.0,105.982791
AMD,2025-03-24 04:00:00+00:00,109.73,114.85,109.4,113.85,53342002.0,513469.0,113.018215
AMD,2025-03-25 04:00:00+00:00,113.265,114.95,112.71,114.81,29077507.0,321369.0,113.725036
AMD,2025-03-26 04:00:00+00:00,114.11,115.8999,108.68,110.19,39976485.0,421638.0,111.057474
AMD,2025-03-27 04:00:00+00:00,106.11,107.62,105.5499,106.65,32773714.0,350650.0,106.483759
AMD,2025-03-28 04:00:00+00:00,105.525,106.51,102.48,103.22,31069114.0,331140.0,103.6853
AMD,2025-03-31 04:00:00+00:00,100.235,102.82,98.8,102.74,30865242.0,314092.0,101.478613
AMD,2025-04-01 04:00:00+00:00,102.16,102.83,100.93,102.78,23523230.0,271184.0,101.973047
AMD,2025-04-02 04:00:00+00:00,101.52,104.185,100.76,102.96,20793989.0,256447.0,102.896218
AMD,2025-04-03 04:00:00+00:00,97.79,99.4499,93.64,93.8,50472442.0,608990.0,95.810251
AMD,2025-04-04 04:00:00+00:00,90.1,91.08,83.67,85.76,65846402.0,790912.0,86.771647
AMD,2025-04-07 04:00:00+00:00,80.68,89.0,77.75,83.64,70515429.0,758490.0,82.802839
AMD,2025-04-08 04:00:00+00:00,86.145,88.93,76.48,78.21,69902657.0,766790.0,82.815029
AMD,2025-04-09 04:00:00+00:00,79.22,97.91,78.87,96.84,97814535.0,988228.0,89.549205
AMD,2025-04-10 04:00:00+00:00,91.0,92.95,85.06,88.7,65210565.0,737793.0,88.47757
AMD,2025-04-11 04:00:00+00:00,90.51,94.76,90.5,93.4,57892600.0,555963.0,92.76115
AMD,2025-04-14 04:00:00+00:00,97.11,97.3699,93.45,94.5,36002970.0,379579.0,95.214659
AMD,2025-04-15 04:00:00+00:00,94.66,96.85,94.62,95.29,28116536.0,301253.0,95.66318
AMD,2025-04-16 04:00:00+00:00,87.61,90.47,85.295,88.29,62109016.0,626257.0,88.316392
AMD,2025-04-17 04:00:00+00:00,88.84,89.03,86.515,87.5,34801337.0,340530.0,87.519462
AMD,2025-04-21 04:00:00+00:00,86.015,86.14,83.75,85.56,33855392.0,340590.0,84.913452
AMD,2025-04-22 04:00:00+00:00,86.12,87.17,85.17,86.26,35236670.0,327950.0,86.065536
AMD,2025-04-23 04:00:00+00:00,91.875,93.74,90.12,90.39,41102589.0,438171.0,91.734241
AMD,2025-04-24 04:00:00+00:00,91.59,94.75,90.37,94.47,33681919.0,329721.0,93.331627
AMD,2025-04-25 04:00:00+00:00,93.275,97.1,92.85,96.645,28575343.0,310342.0,95.422535
AMD,2025-04-28 04:00:00+00:00,95.575,97.4865,94.27,96.39,30456683.0,254736.0,95.787222
AMD,2025-04-29 04:00:00+00:00,95.755,97.1767,95.33,96.06,20700637.0,208557.0,96.347003
AMD,2025-04-30 04:00:00+00:00,92.81,97.55,91.87,97.35,29730729.0,303502.0,95.289713
AMD,2025-05-01 04:00:00+00:00,99.265,100.1,96.45,96.65,29591507.0,302606.0,98.291275
AMD,2025-05-02 04:00:00+00:00,98.4,99.88,98.3,98.8,29957888.0,317483.0,98.963304
AMD,2025-05-05 04:00:00+00:00,99.0,102.05,98.76,100.59,41268886.0,396779.0,100.923693
AMD,2025-05-06 04:00:00+00:00,98.41,100.07,97.44,98.62,54264254.0,514178.0,98.919084
AMD,2025-05-07 04:00:00+00:00,100.75,103.42,96.88,100.36,86648749.0,773279.0,99.356268
AMD,2025-05-08 04:00:00+00:00,101.92,105.44,101.56,101.7,54231362.0,533416.0,103.334561
AMD,2025-05-09 04:00:00+00:00,102.585,103.54,101.6,102.84,31704261.0,311200.0,102.589215
AMD,2025-05-12 04:00:00+00:00,110.415,110.667,106.98,108.12,50543396.0,519246.0,108.4359
AMD,2025-05-13 04:00:00+00:00,109.6,113.1277,109.0,112.46,55659513.0,594345.0,111.640833
AMD,2025-05-14 04:00:00+00:00,119.83,122.52,116.59,117.72,86743700.0,891371.0,118.666053
AMD,2025-05-15 04:00:00+00:00,117.02,117.5,114.01,114.99,43843235.0,483465.0,115.506124
AMD,2025-05-16 04:00:00+00:00,118.07,118.24,116.01,117.17,43419695.0,429902.0,117.169887
AMD,2025-05-19 04:00:00+00:00,115.015,115.53,114.06,114.74,37737373.0,356965.0,114.691671
AMD,2025-05-20 04:00:00+00:00,114.35,114.51,112.08,113.51,29030815.0,315045.0,113.259637
AMD,2025-05-21 04:00:00+00:00,113.85,116.1,111.09,112.06,43594606.0,449360.0,113.708391
AMD,2025-05-22 04:00:00+00:00,111.9,112.64,110.61,110.71,29251957.0,327015.0,111.687809
AMD,2025-05-23 04:00:00+00:00,108.085,111.015,107.6671,110.31,30867274.0,344598.0,109.650848
AMD,2025-05-27 04:00:00+00:00,113.175,115.395,112.27,114.56,37885019.0,382436.0,114.5348
AMD,2025-05-28 04:00:00+00:00,114.915,114.948,112.66,112.86,27483741.0,293858.0,113.726031
AMD,2025-05-29 04:00:00+00:00,115.485,115.54,112.13,113.03,30572131.0,365961.0,113.601757
AMD,2025-05-30 04:00:00+00:00,111.584,112.11,108.6154,110.73,36088472.0,376641.0,110.53343
AMD,2025-06-02 04:00:00+00:00,111.06,114.86,111.01,114.63,34078358.0,373506.0,113.588422
AMD,2025-06-03 04:00:00+00:00,114.5,117.68,113.28,117.31,37161484.0,406372.0,116.425666
AMD,2025-06-04 04:00:00+00:00,117.41,119.295,115.73,118.58,31024986.0,359856.0,118.078524
AMD,2025-06-05 04:00:00+00:00,118.95,119.2448,114.71,115.69,34182902.0,372391.0,116.850576
AMD,2025-06-06 04:00:00+00:00,117.685,118.38,115.88,116.19,27042083.0,282956.0,116.828706
AMD,2025-06-09 04:00:00+00:00,119.18,122.3699,119.04,121.73,55437652.0,552291.0,120.934169
AMD,2025-06-10 04:00:00+00:00,121.105,124.09,120.8,123.24,41691908.0,448050.0,122.822341
AMD,2025-06-11 04:00:00+00:00,124.44,124.47,119.88,121.14,32261863.0,377745.0,121.830678
AMD,2025-06-12 04:00:00+00:00,120.615,122.25,118.03,118.5,44718365.0,456336.0,119.821098
AMD,2025-06-13 04:00:00+00:00,116.045,117.883,115.06,116.16,39702742.0,434268.0,116.312134
AMD,2025-06-16 04:00:00+00:00,118.635,128.1393,117.78,126.39,100968478.0,942953.0,125.848217
AMD,2025-06-17 04:00:00+00:00,127.93,130.7,126.58,127.1,86623910.0,831321.0,128.296886
AMD,2025-06-18 04:00:00+00:00,128.01,129.21,125.77,126.79,49627112.0,518779.0,127.403899
AMD,2025-06-20 04:00:00+00:00,129.0,132.805,127.55,128.24,79930980.0,693952.0,129.622033
AMD,2025-06-23 04:00:00+00:00,130.47,133.25,126.82,129.58,65152874.0,651491.0,130.251998
AMD,2025-06-24 04:00:00+00:00,133.43,138.79,132.93,138.43,78571997.0,761762.0,136.786654
AMD,2025-06-25 04:00:00+00:00,140.94,144.18,139.46,143.4,74607219.0,773185.0,142.247438
AMD,2025-06-26 04:00:00+00:00,145.97,146.0,141.91,143.68,58180081.0,612309.0,143.442351
AMD,2025-06-27 04:00:00+00:00,144.18,147.7504,141.63,143.81,61937853.0,581165.0,144.546403
AMD,2025-06-30 04:00:00+00:00,144.0,146.0,141.01,141.9,42972468.0,457321.0,142.33248
AMD,2025-07-01 04:00:00+00:00,138.77,140.23,135.1202,136.11,55257237.0,631331.0,137.154344
AMD,2025-07-02 04:00:00+00:00,135.53,139.78,135.22,138.52,39227986.0,425890.0,137.966237
AMD,2025-07-03 04:00:00+00:00,139.11,139.5,137.32,137.91,28645993.0,306769.0,138.271932
AMD,2025-07-07 04:00:00+00:00,136.56,137.44,133.5,134.8,37395010.0,443261.0,135.022939
AMD,2025-07-08 04:00:00+00:00,137.32,139.15,135.91,137.82,36124612.0,386432.0,137.769994
AMD,2025-07-09 04:00:00+00:00,138.69,140.65,137.59,138.41,37013130.0,380133.0,138.912108
AMD,2025-07-10 04:00:00+00:00,143.0,145.82,141.85,144.16,61101365.0,670210.0,143.958822
AMD,2025-07-11 04:00:00+00:00,142.6,147.4,141.6,146.42,50049179.0,496179.0,145.343123
AMD,2025-07-14 04:00:00+00:00,145.09,147.58,141.9,146.24,44718554.0,462647.0,145.368339
AMD,2025-07-15 04:00:00+00:00,153.75,158.68,153.56,155.61,93370081.0,974896.0,155.96223
AMD,2025-07-16 04:00:00+00:00,155.31,160.36,152.85,160.08,59491430.0,645634.0,156.640059
AMD,2025-07-17 04:00:00+00:00,161.81,161.96,158.68,160.41,50605117.0,560675.0,159.871834
AMD,2025-07-18 04:00:00+00:00,159.59,160.83,155.81,156.99,48858995.0,513357.0,158.072049
AMD,2025-07-21 04:00:00+00:00,157.62,160.34,156.92,157.0,39021130.0,423724.0,158.460989
AMD,2025-07-22 04:00:00+00:00,156.2,156.2291,149.34,154.72,49028017.0,534242.0,153.085122
AMD,2025-07-23 04:00:00+00:00,156.315,159.4485,156.0,158.65,41510896.0,430312.0,157.824407
AMD,2025-07-24 04:00:00+00:00,159.12,163.93,158.36,162.12,48440112.0,504113.0,161.699886
AMD,2025-07-25 04:00:00+00:00,163.505,167.175,162.36,166.47,53432260.0,530022.0,165.719331
AMD,2025-07-28 04:00:00+00:00,169.08,174.7,168.67,173.66,68267835.0,707666.0,172.932607
AMD,2025-07-29 04:00:00+00:00,175.205,182.31,174.68,177.44,108154838.0,1007731.0,178.822831
AMD,2025-07-30 04:00:00+00:00,175.605,180.37,173.8,179.51,64820189.0,633218.0,178.540503
AMD,2025-07-31 04:00:00+00:00,182.015,182.5,173.0,176.31,71765285.0,777410.0,178.723865
